r_non,r_lux,dl,dn,du,G_w85,G_w100,dl_w85,dn_w85,du_w85,dl_w100,dn_w100,du_w100
0.2,0.29665762452061,0.463134206853259,-0.517604589040934,0.153114307793542,0.0227815025912658,0.0232991098555,0.463134206853259,-0.517604589040934,0.153114307793542,0.536967912589965,-0.621956091025288,0.179216781731398
0.2025,0.295525027835527,0.457616699638984,-0.503165822407056,0.153114307793542,0.021909154410827,0.0224051905429977,0.457616699638984,-0.503165822407056,0.153114307793542,0.530636464332457,-0.604129060876719,0.179216781731398
0.205,0.294392431150445,0.452088505630289,-0.488821408477369,0.153114307793542,0.0210549908314994,0.021530047823668,0.452088505630289,-0.488821408477369,0.153114307793542,0.524291763222481,-0.586453566850234,0.179216781731398
0.2075,0.293259834465362,0.446549536248072,-0.474569378929517,0.153114307793542,0.0202189185154987,0.0206735754898759,0.446549536248072,-0.474569378929517,0.153114307793542,0.51793368128403,-0.568925706526701,0.179216781731398
0.21,0.292127237780279,0.440999702085613,-0.460407819521225,0.153114307793542,0.0194008466516064,0.0198356704228793,0.440999702085613,-0.460407819521225,0.153114307793542,0.51156208921882,-0.551541712851656,0.179216781731398
0.2125,0.290994641095196,0.43543891289691,-0.446334868043653,0.153114307793542,0.0186006868810082,0.0190162324908714,0.43543891289691,-0.446334868043653,0.153114307793542,0.505176856385072,-0.53429794774232,0.179216781731398
0.215,0.289862044410113,0.429867077584806,-0.432348712369993,0.153114307793542,0.0178183532262853,0.0182151644518781,0.429867077584806,-0.432348712369993,0.153114307793542,0.498777850775906,-0.517190896066077,0.179216781731398
0.2175,0.28872944772503,0.42428410418892,-0.418447588593978,0.153114307793542,0.0170537620233946,0.0174323718612278,0.42428410418892,-0.418447588593978,0.153114307793542,0.492364938997303,-0.500217159964742,0.179216781731398
0.22,0.287596851039947,0.418689899873373,-0.404629779253378,0.153114307793542,0.016306831856493,0.0166677629833366,0.418689899873373,-0.404629779253378,0.153114307793542,0.485937986245661,-0.483373453500957,0.179216781731398
0.2225,0.286464254354864,0.413084370914294,-0.390893611633828,0.153114307793542,0.0155774834954617,0.0159212487075657,0.413084370914294,-0.390893611633828,0.153114307793542,0.479496856284902,-0.46665659760493,0.179216781731398
0.225,0.285331657669782,0.407467422687118,-0.377237456148661,0.153114307793542,0.0148656398360009,0.0151927424679249,0.407467422687118,-0.377237456148661,0.153114307793542,0.473041411423149,-0.450063515301458,0.179216781731398
0.2275,0.284199060984699,0.401838959653671,-0.363659724790651,0.153114307793542,0.0141712258421659,0.0144821601664119,0.401838959653671,-0.363659724790651,0.153114307793542,0.466571512488941,-0.433591227198681,0.179216781731398
0.23,0.283066464299616,0.396198885349011,-0.350158869651859,0.153114307793542,0.0134941684912338,0.0137894200997897,0.396198885349011,-0.350158869651859,0.153114307793542,0.460087018806986,-0.417236847221457,0.179216781731398
0.2325,0.281933867614533,0.390547102368058,-0.336733381507507,0.153114307793542,0.0128343967207808,0.0131144428896195,0.390547102368058,-0.336733381507507,0.153114307793542,0.453587788173438,-0.400997578573539,0.179216781731398
0.235,0.28080127092945,0.384883512351984,-0.323381788463478,0.153114307793542,0.0121918413778829,0.0124571514153756,0.384883512351984,-0.323381788463478,0.153114307793542,0.447073676830683,-0.384870709913908,0.179216781731398
0.2375,0.279668674244367,0.379208015974362,-0.310102654656817,0.153114307793542,0.0115664351703115,0.0118174707504816,0.379208015974362,-0.310102654656817,0.153114307793542,0.440544539441632,-0.368853611733697,0.179216781731398
0.24,0.278536077559284,0.373520512927069,-0.296894579016192,0.153114307793542,0.0109581126196676,0.011195328101116,0.373520512927069,-0.296894579016192,0.153114307793542,0.434000229063494,-0.352943732921139,0.179216781731398
0.2425,0.277403480874201,0.367820901905949,-0.283756194072156,0.153114307793542,0.0103668100163395,0.0105906527476486,0.367820901905949,-0.283756194072156,0.153114307793542,0.427440597121031,-0.337138597502384,0.179216781731398
0.245,0.276270884189119,0.362109080596209,-0.270686164817507,0.153114307793542,0.00979246537621414,0.0100033759885707,0.362109080596209,-0.270686164817507,0.153114307793542,0.420865493379277,-0.321435801550352,0.179216781731398
0.2475,0.275138287504036,0.356384945657566,-0.257683187614525,0.153114307793542,0.0092350183990576,0.00943343108679728,0.356384945657566,-0.257683187614525,0.153114307793542,0.414274765915703,-0.305833010244068,0.179216781731398
0.25,0.274005690818953,0.350648392709115,-0.244745989147173,0.153114307793542,0.0086944104284965,0.0088807532182239,0.350648392709115,-0.244745989147173,0.153114307793542,0.407668261091811,-0.290327955079033,0.179216781731398
0.2525,0.27287309413387,0.34489931631394,-0.23187332541579,0.153114307793542,0.00817058441352481,0.00834527942242669,0.34489931631394,-0.23187332541579,0.153114307793542,0.401045823524171,-0.274918431212849,0.179216781731398
0.255,0.271740497448787,0.339137609963434,-0.21906398077226,0.153114307793542,0.00766348487147361,0.00782694855540445,0.339137609963434,-0.21906398077226,0.153114307793542,0.394407296054845,-0.259602294940258,0.179216781731398
0.2575,0.270607900763704,0.333363166061395,-0.206316766993706,0.153114307793542,0.00717305785237898,0.00732570124426279,0.333363166061395,-0.206316766993706,0.153114307793542,0.387752519721209,-0.244377461290115,0.179216781731398
0.26,0.269475304078621,0.327575875907308,-0.193630522392841,0.153114307793542,0.00669925090468726,0.0068414798437505,0.327575875907308,-0.193630522392841,0.153114307793542,0.381081333725162,-0.229241901737119,0.179216781731398
0.2625,0.268342707393538,0.321775629681284,-0.181004110963243,0.153114307793542,0.00624201304225336,0.00637422839456114,0.321775629681284,-0.181004110963243,0.153114307793542,0.374393575401686,-0.214193642021653,0.179216781731398
0.265,0.267210110708456,0.315962316424988,-0.168436421557898,0.153114307793542,0.00580129471254731,0.00592389258331938,0.315962316424988,-0.168436421557898,0.153114307793542,0.367689080186756,-0.199230760071652,0.179216781731398
0.2675,0.266077514023373,0.310135824026121,-0.15592636709944,0.153114307793542,0.00537704776606307,0.00549041970417319,0.310135824026121,-0.15592636709944,0.153114307793542,0.360967681584577,-0.184351384020728,0.179216781731398
0.27,0.26494491733829,0.304296039200444,-0.14347288382063,0.153114307793542,0.00496922542684419,0.00507375862192183,0.304296039200444,-0.14347288382063,0.153114307793542,0.354229211134134,-0.169553690317216,0.179216781731398
0.2725,0.263812320653207,0.298442847473988,-0.131074930533659,0.153114307793542,0.00457778226409855,0.00467385973660994,0.298442847473988,-0.131074930533659,0.153114307793542,0.347473498375041,-0.154835901919104,0.179216781731398
0.275,0.262679723968124,0.292576133164918,-0.118731487926953,0.153114307793542,0.00420267416485409,0.00429067494952429,0.292576133164918,-0.118731487926953,0.153114307793542,0.340700370812653,-0.140196286570148,0.179216781731398
0.2775,0.261547127283041,0.286695779365069,-0.106441557888253,0.153114307793542,0.00384385830761602,0.00392415763053022,0.286695779365069,-0.106441557888253,0.153114307793542,0.33390965388247,-0.125633155152779,0.179216781731398
0.28,0.260414530597958,0.28080166792113,-0.094204162852737,0.153114307793542,0.00350129313698411,0.00357426258669291,0.28080166792113,-0.094204162852737,0.153114307793542,0.327101170913448,-0.111144860113659,0.179216781731398
0.2825,0.259281933912876,0.274893679415472,-0.0820183451751036,0.153114307793542,0.00317493833919613,0.00324094603212599,0.274893679415472,-0.0820183451751036,0.153114307793542,0.320274743091964,-0.0967297939580288,0.179216781731398
0.285,0.258149337227793,0.268971693146613,-0.0698831665245225,0.153114307793542,0.0028647548185583,0.00292416555901887,0.268971693146613,-0.0698831665245225,0.153114307793542,0.313430189421976,-0.0823863878091908,0.179216781731398
0.2875,0.25701674054271,0.263035587109313,-0.0577977073014516,0.153114307793542,0.00257070467473286,0.00262388010979142,0.263035587109313,-0.0577977073014516,0.153114307793542,0.306567326687721,-0.0681131100297419,0.179216781731398
0.29,0.255884143857627,0.257085237974289,-0.0457610660753538,0.153114307793542,0.00229275118084782,0.00234004995033166,0.257085237974289,-0.0457610660753538,0.153114307793542,0.299685969413584,-0.0539084649013204,0.179216781731398
0.2925,0.254751547172544,0.251120521067538,-0.0337723590424067,0.153114307793542,0.00203085876239995,0.00207263664427126,0.251120521067538,-0.0337723590424067,0.153114307793542,0.292785929823596,-0.0397709913598708,0.179216781731398
0.295,0.253618950487461,0.245141310349265,-0.0218307195023363,0.153114307793542,0.0017849929769217,0.00182160302825896,0.245141310349265,-0.0218307195023363,0.153114307793542,0.285867017800246,-0.0256992617835752,0.179216781731398
0.2975,0.252486353802378,0.239147478392413,-0.00993529735355271,0.153114307793542,0.00155512049438511,0.00158691318819071,0.239147478392413,-0.00993529735355271,0.153114307793542,0.278929040841159,-0.0116918808307954,0.179216781731398
0.3,0.251353757117295,0.233138896360759,0.00191474139420081,0.153114307793542,0.00134120907831503,0.00136853243636126,0.233138896360759,0.00191474139420081,0.153114307793542,0.271971804017871,0.00225251567451007,0.179216781731398
0.3025,0.250221160432212,0.227115433986599,0.0137202150904131,0.153114307793542,0.001143227567588,0.00116642728950012,0.227115433986599,0.0137202150904131,0.153114307793542,0.264995109929584,0.0161352618122398,0.179216781731398
0.305,0.24908856374713,0.221076959547491,0.0254819268983147,0.153114307793542,0.000961145858889845,0.000980565447659232,0.221076959547491,0.0254819268983147,0.153114307793542,0.257998758658971,0.0299576625927326,0.179216781731398
0.3075,0.247955967062047,0.21502333984496,0.0372006652339848,0.153114307793542,0.000794934889822629,0.000810915773921561,0.21502333984496,0.0372006652339848,0.153114307793542,0.250982547725744,0.043720994942567,0.179216781731398
0.31,0.246823370376964,0.208954440177793,0.0488772041907124,0.153114307793542,0.000644566622607035,0.000657448274897221,0.208954440177793,0.0488772041907124,0.153114307793542,0.243946272039382,0.0574265086515802,0.179216781731398
0.3125,0.245690773691881,0.202870124320381,0.0605123039492098,0.153114307793542,0.000510014028404782,0.000520134081982149,0.202870124320381,0.0605123039492098,0.153114307793542,0.236889723850786,0.0710754272829779,0.179216781731398
0.315,0.244558177006798,0.196770254497087,0.0721067111742672,0.153114307793542,0.000391251072202281,0.000398945433350173,0.196770254497087,0.0721067111742672,0.153114307793542,0.229812692702823,0.0846689490483097,0.179216781731398
0.3175,0.243425580321715,0.190654691357323,0.0836611593984041,0.153114307793542,0.00028825269825794,0.00029385565665252,0.190654691357323,0.0836611593984041,0.153114307793542,0.222714965379245,0.0982082476489942,0.179216781731398
0.32,0.242292983636632,0.184523293949936,0.0951763693930421,0.153114307793542,0.000200994816088373,0.000204839152401215,0.184523293949936,0.0951763693930421,0.153114307793542,0.215596325854869,0.111694473085947,0.179216781731398
0.3225,0.241160386951549,0.17837591969709,0.106653049527684,0.153114307793542,0.000129454286977082,0.000131871378011628,0.17837591969709,0.106653049527684,0.153114307793542,0.208456555239389,0.125128752438886,0.179216781731398
0.325,0.240027790266467,0.172212424367624,0.118091896117645,0.153114307793542,7.36089109906191e-05,7.49288324833897e-05,0.172212424367624,0.118091896117645,0.153114307793542,0.201295431725964,0.138512190616637,0.179216781731398
0.3275,0.238895193581384,0.166032662049853,0.129493593760702,0.153114307793542,3.343741448536e-05,3.39890416987121e-05,0.166032662049853,0.129493593760702,0.153114307793542,0.194112730534533,0.151845871079855,0.179216781731398
0.33,0.237762596896301,0.159836485123834,0.140858815663171,0.153114307793542,8.91943808967177e-06,9.03054431566908e-06,0.159836485123834,0.140858815663171,0.153114307793542,0.18690822385527,0.165130856537402,0.179216781731398
0.3325,0.236630000211218,0.153623744233052,0.152188223955797,0.153114307793542,3.55251510431032e-08,3.28782410186079e-08,0.153623744233052,0.152188223955797,0.153114307793542,0.179681680790475,0.178368189617608,0.179216781731398
0.335,0.235497403526135,0.147394288255526,0.163482469999869,0.153114307793542,6.76711062785884e-06,6.97656766146526e-06,0.147394288255526,0.163482469999869,0.153114307793542,0.172432867295083,0.191558893515541,0.179216781731398
0.3375,0.234364806841052,0.141147964274319,0.174742194683936,0.153114307793542,2.9096510421267e-05,2.98431106177111e-05,0.141147964274319,0.174742194683936,0.153114307793542,0.165161546115756,0.204703972617379,0.179216781731398
0.34,0.233232210155969,0.13488461754744,0.18596802871149,0.153114307793542,6.70069111269322e-05,6.86149671049741e-05,0.13488461754744,0.18596802871149,0.153114307793542,0.157867476728513,0.21780441310292,0.179216781731398
0.3425,0.232099613470887,0.128604091477118,0.197160592879965,0.153114307793542,0.000120482360201235,0.000123275547683432,0.128604091477118,0.197160592879965,0.153114307793542,0.15055041527485,0.230861183527203,0.179216781731398
0.345,0.230967016785804,0.122306227578425,0.208320498351383,0.153114307793542,0.000189507756527374,0.000193809202585937,0.122306227578425,0.208320498351383,0.153114307793542,0.143210114496319,0.243875235382164,0.179216781731398
0.3475,0.229834420100721,0.115990865447252,0.219448346914977,0.153114307793542,0.000274068841371378,0.000280201211305231,0.115990865447252,0.219448346914977,0.153114307793542,0.135846323667505,0.256847503639224,0.179216781731398
0.35,0.228701823415638,0.109657842727606,0.230544731242079,0.153114307793542,0.000374152189718369,0.000382437772652566,0.109657842727606,0.230544731242079,0.153114307793542,0.128458788527372,0.269778907273632,0.179216781731398
0.3525,0.227569226730555,0.103306995078207,0.241610235133582,0.153114307793542,0.000489745201979308,0.000500505995270739,0.103306995078207,0.241610235133582,0.153114307793542,0.121047251208905,0.282670349771381,0.179216781731398
0.355,0.226436630045472,0.0969381561383829,0.252645433760242,0.153114307793542,0.00062083609605823,0.000634393888591212,0.0969381561383829,0.252645433760242,0.153114307793542,0.113611450167026,0.295522719619433,0.179216781731398
0.3575,0.225304033360389,0.0905511574932318,0.263650893896109,0.153114307793542,0.000767413899773639,0.000784090354224665,0.0905511574932318,0.263650893896109,0.153114307793542,0.106151120104709,0.308336890779996,0.179216781731398
0.36,0.224171436675306,0.0841458286380351,0.274627174145311,0.153114307793542,0.000929468443622183,0.000949585177773105,0.0841458286380351,0.274627174145311,0.153114307793542,0.0986659918972494,0.321113723149541,0.179216781731398
0.3625,0.223038839990224,0.0777219969419063,0.285574825162481,0.153114307793542,0.00110699035387907,0.00113086902105397,0.0777219969419063,0.285574825162481,0.153114307793542,0.0911557925146288,0.333854063003196,0.179216781731398
0.365,0.221906243305141,0.0712794876106499,0.296494389867014,0.153114307793542,0.00129997104602753,0.00132793341472615,0.0712794876106499,0.296494389867014,0.153114307793542,0.0836202449419263,0.346558743425166,0.179216781731398
0.3675,0.220773646620058,0.0648181236488116,0.307386403651435,0.153114307793542,0.00150840271850983,0.0015407707513091,0.0648181236488116,0.307386403651435,0.153114307793542,0.0760590680976991,0.359228584725766,0.179216781731398
0.37,0.219641049934975,0.058337725820904,0.318251394584038,0.153114307793542,0.00173227834679202,0.00176937427858737,0.058337725820904,0.318251394584038,0.153114307793542,0.0684719767502898,0.371864394845627,0.179216781731398
0.3725,0.218508453249892,0.051838112611772,0.329089883606062,0.153114307793542,0.00197159167773864,0.00201373809338934,0.051838112611772,0.329089883606062,0.153114307793542,0.0608586814319765,0.384466969747778,0.179216781731398
0.375,0.217375856564809,0.045319100186095,0.339902384723549,0.153114307793542,0.00222633722428767,0.00227385713573747,0.045319100186095,0.339902384723549,0.153114307793542,0.053218888350919,0.397037093796947,0.179216781731398
0.3775,0.216243259879726,0.0387805023469812,0.350689405194132,0.153114307793542,0.00249651026042386,0.00254972718335667,0.0387805023469812,0.350689405194132,0.153114307793542,0.0455522993008109,0.409575540130688,0.179216781731398
0.38,0.215110663194643,0.0322221304936495,0.361451445708889,0.153114307793542,0.00278210681644064,0.00284134484654086,0.0322221304936495,0.361451445708889,0.153114307793542,0.0378586115681863,0.422083071014715,0.179216781731398
0.3825,0.213978066509561,0.0256437935781585,0.372189000569468,0.153114307793542,0.00308312367449026,0.00314870756336494,0.0256437935781585,0.372189000569468,0.153114307793542,0.0301375178372888,0.434560438192506,0.179216781731398
0.385,0.212845469824478,0.0190452980611676,0.382902557860761,0.153114307793542,0.00339955836441341,0.0034718135952404,0.0190452980611676,0.382902557860761,0.153114307793542,0.022388706092441,0.447008383222713,0.179216781731398
0.3875,0.211712873139395,0.0124264478671976,0.393592599618312,0.153114307793542,0.00373140915984271,0.00381066202280789,0.0124264478671976,0.393592599618312,0.153114307793542,0.0146118595178186,0.459427637807574,0.179216781731398
0.39,0.210580276454312,0.00578704433636588,0.404259601994282,0.153114307793542,0.00407867507458826,0.00416525274216062,0.00578704433636588,0.404259601994282,0.153114307793542,0.00680665639506218,0.471818924112229,0.179216781731398
0.3925,0.209447679769229,-0.000873113819929053,0.414904035414551,0.153114307793542,0.00444135585927363,0.00453558646139451,-0.000873113819929053,0.414904035414551,0.153114307793542,-0.00102723000436957,0.484182955075336,0.179216781731398
0.395,0.208315083084146,-0.0075542305692782,0.425526364736425,0.153114307793542,0.00481945199825284,0.00492166469748234,-0.0075542305692782,0.425526364736425,0.153114307793542,-0.00889013152452544,0.496520434711324,0.179216781731398
0.3975,0.207182486399063,-0.0142565126076096,0.436127049400224,0.153114307793542,0.00521296470677957,0.00532348977346309,-0.0142565126076096,0.436127049400224,0.153114307793542,-0.0167823852388177,0.508832058404665,0.179216781731398
0.4,0.20604988971398,-0.0209801694095815,0.446706543577705,0.153114307793542,0.00562189592843487,0.00574106481594838,-0.0209801694095815,0.446706543577705,0.153114307793542,-0.0247043335636399,0.521118513196466,0.179216781731398
0.4025,0.204917293028898,-0.027725413280456,0.457265296316948,0.153114307793542,0.00604624833280987,0.00617439375293793,-0.027725413280456,0.457265296316948,0.153114307793542,-0.0326563243760372,0.533380478063733,0.179216781731398
0.405,0.203784696343815,-0.0344924594091592,0.467803751683824,0.153114307793542,0.00648602531343967,0.00662348131194424,-0.0344924594091592,0.467803751683824,0.153114307793542,-0.0406387111345623,0.545618624191597,0.179216781731398
0.4075,0.202652099658732,-0.0412815259225642,0.478322348900192,0.153114307793542,0.00694123098598687,0.00708833301842216,-0.0412815259225642,0.478322348900192,0.153114307793542,-0.0486518530034602,0.557833615238802,0.179216781731398
0.41,0.201519502973649,-0.0480928339410546,0.488821522478901,0.153114307793542,0.00741187018667011,0.00756895519449929,-0.0480928339410546,0.488821522478901,0.153114307793542,-0.0566961149803117,0.570026107596744,0.179216781731398
0.4125,0.200386906288566,-0.0549266076354008,0.499301702355754,0.153114307793542,0.00789794847093905,0.00806535495800986,-0.0549266076354008,0.499301702355754,0.153114307793542,-0.0647718680272557,0.582196750642335,0.179216781731398
0.415,0.199254309603483,-0.0617830742849881,0.509763314018514,0.153114307793542,0.00839947211239,0.008577540221823,-0.0617830742849881,0.509763314018514,0.153114307793542,-0.072879489205904,0.594346186984949,0.179216781731398
0.4175,0.1981217129184,-0.0686624643374358,0.520206778633066,0.153114307793542,0.0089164481019246,0.00910551969347295,-0.0686624643374358,0.520206778633066,0.153114307793542,-0.0810193618160813,0.606475052707465,0.179216781731398
0.42,0.196989116233317,-0.0755650114696492,0.53063251316684,0.153114307793542,0.0094488841471454,0.00964930287507992,-0.0755650114696492,0.53063251316684,0.153114307793542,-0.0891918755385217,0.618583977603437,0.179216781731398
0.4225,0.195856519548235,-0.0824909526503412,0.541040930509588,0.153114307793542,0.00999678867199216,0.0102089000635684,-0.0824909526503412,0.541040930509588,0.153114307793542,-0.0973974265816514,0.630673585404974,0.179216781731398
0.425,0.194723922863152,-0.0894405282040732,0.551432439591616,0.153114307793542,0.0105601708166121,0.0107843223511799,-0.0894405282040732,0.551432439591616,0.153114307793542,-0.105636417832606,0.642744494011622,0.179216781731398
0.4275,0.193591326178069,-0.0964139818768516,0.561807445499556,0.153114307793542,0.0111390404374704,0.0113755816262764,-0.0964139818768516,0.561807445499556,0.153114307793542,-0.113909259012633,0.654797315709536,0.179216781731398
0.43,0.192458729492986,-0.103411560903336,0.572166349589773,0.153114307793542,0.0117334081076924,0.0119826905744408,-0.103411560903336,0.572166349589773,0.153114307793542,-0.122216366837015,0.666832657388445,0.179216781731398
0.4325,0.191326132807903,-0.110433516075696,0.582509549599488,0.153114307793542,0.0123432851176432,0.0126056626798672,-0.110433516075696,0.582509549599488,0.153114307793542,-0.130558165179707,0.678851120753809,0.179216781731398
0.435,0.19019353612282,-0.117480101814172,0.592837439755704,0.153114307793542,0.0129686834757407,0.0132445122270484,-0.117480101814172,0.592837439755704,0.153114307793542,-0.138935085242818,0.690853302535055,0.179216781731398
0.4375,0.189060939437737,-0.124551576239394,0.603150410881856,0.153114307793542,0.0136096159095045,0.0138992543027556,-0.124551576239394,0.603150410881856,0.153114307793542,-0.147347565731133,0.702839794688804,0.179216781731398
0.44,0.187928342752654,-0.131648201246501,0.613448850503498,0.153114307793542,0.0142660958668436,0.0145699047983155,-0.131648201246501,0.613448850503498,0.153114307793542,-0.155796053031855,0.71481118460105,0.179216781731398
0.4425,0.186795746067572,-0.138770242581122,0.623733142948911,0.153114307793542,0.0149381375175615,0.0152564804121832,-0.138770242581122,0.623733142948911,0.153114307793542,-0.164281001399747,0.726768055282203,0.179216781731398
0.445,0.185663149382489,-0.145917969917283,0.634003669452715,0.153114307793542,0.0156257557551287,0.0159589986528149,-0.145917969917283,0.634003669452715,0.153114307793542,-0.172802873147878,0.738710985561423,0.179216781731398
0.4475,0.184530552697406,-0.153091656937276,0.644260808253228,0.153114307793542,0.0163289661986613,0.0166774778418404,-0.153091656937276,0.644260808253228,0.153114307793542,-0.181362138844174,0.750640550276674,0.179216781731398
0.45,0.183397956012323,-0.16029158141358,0.654504934690302,0.153114307793542,0.0170477851951528,0.0174119371175363,-0.16029158141358,0.654504934690302,0.153114307793542,-0.189959277513989,0.762557320461897,0.179216781731398
0.4525,0.18226535932724,-0.167518025292868,0.664736421300964,0.153114307793542,0.0177822298219412,0.0181623964386094,-0.167518025292868,0.664736421300964,0.153114307793542,-0.198594776848924,0.7744618635313,0.179216781731398
0.455,0.181132762642157,-0.174771274782188,0.674955637913462,0.153114307793542,0.0185323178894155,0.0189288765882816,-0.174771274782188,0.674955637913462,0.153114307793542,-0.207269133422117,0.786354743460907,0.179216781731398
0.4575,0.180000165957074,-0.182051620437373,0.685162951739745,0.153114307793542,0.0192980679439628,0.0197113991786908,-0.182051620437373,0.685162951739745,0.153114307793542,-0.215982852910256,0.79823652096753,0.179216781731398
0.46,0.178867569271991,-0.18935935725375,0.695358727466528,0.153114307793542,0.020079499271162,0.0205099866556033,-0.18935935725375,0.695358727466528,0.153114307793542,-0.224736450322567,0.8101077536853,0.179216781731398
0.4625,0.177734972586909,-0.19669478475923,0.705543327344507,0.153114307793542,0.0208766318992155,0.0213246623034454,-0.19669478475923,0.705543327344507,0.153114307793542,-0.233530450237036,0.821968996339915,0.179216781731398
0.465,0.176602375901826,-0.204058207109841,0.715717111277241,0.153114307793542,0.0216894866026389,0.0221554502506558,-0.204058207109841,0.715717111277241,0.153114307793542,-0.242365387044155,0.833820800920732,0.179216781731398
0.4675,0.175469779216743,-0.211449933187794,0.725880436907326,0.153114307793542,0.0225180849061887,0.0230023754753661,-0.211449933187794,0.725880436907326,0.153114307793542,-0.251241805198465,0.845663716850856,0.179216781731398
0.47,0.17433718253166,-0.218870276702153,0.736033659702352,0.153114307793542,0.0233624490890494,0.0238654638114111,-0.218870276702153,0.736033659702352,0.153114307793542,-0.260160259478208,0.857498291155355,0.179216781731398
0.4725,0.173204585846577,-0.2263195562922,0.746177133039231,0.153114307793542,0.0242226021892742,0.0247447419546756,-0.2263195562922,0.746177133039231,0.153114307793542,-0.269121315253413,0.869325068627722,0.179216781731398
0.475,0.172071989161494,-0.23379809563358,0.756311208287444,0.153114307793542,0.0250985680084819,0.0256402374697818,-0.23379809563358,0.756311208287444,0.153114307793542,-0.278125548762722,0.881144591994744,0.179216781731398
0.4775,0.170939392476411,-0.241306223547314,0.766436234891184,0.153114307793542,0.0259903711168168,0.0265519787971263,-0.241306223547314,0.766436234891184,0.153114307793542,-0.28717354739933,0.892957402079873,0.179216781731398
0.48,0.169806795791329,-0.248844274111775,0.77655256045044,0.153114307793542,0.0268980368581726,0.0274799952602671,-0.248844274111775,0.77655256045044,0.153114307793542,-0.296265910006378,0.904764037965248,0.179216781731398
0.4825,0.168674199106246,-0.256412586777728,0.786660530801085,0.153114307793542,0.0278215913556844,0.0284243170736738,-0.256412586777728,0.786660530801085,0.153114307793542,-0.3054032471822,0.916565037152479,0.179216781731398
0.485,0.167541602421163,-0.264011506486531,0.796760490094005,0.153114307793542,0.0287610615174927,0.0293849753508411,-0.264011506486531,0.796760490094005,0.153114307793542,-0.314586181595795,0.928360935722327,0.179216781731398
0.4875,0.16640900573608,-0.271641383791601,0.806852780873313,0.153114307793542,0.0297164750427861,0.0303620021127804,-0.271641383791601,0.806852780873313,0.153114307793542,-0.323815348312968,0.940152268493389,0.179216781731398
0.49,0.165276409050997,-0.27930257498326,0.816937744153716,0.153114307793542,0.0306878604281211,0.0313554302968903,-0.27930257498326,0.816937744153716,0.153114307793542,-0.333091395133551,0.951939569179915,0.179216781731398
0.4925,0.164143812365914,-0.286995442217071,0.827015719497052,0.153114307793542,0.0316752469740328,0.0323652937662168,-0.286995442217071,0.827015719497052,0.153114307793542,-0.342414982940182,0.963723370548877,0.179216781731398
0.495,0.163011215680831,-0.294720353645777,0.837087045088058,0.153114307793542,0.0326786647919307,0.0333916273191152,-0.294720353645777,0.837087045088058,0.153114307793542,-0.351786786059095,0.975504204576403,0.179216781731398
0.4975,0.161878618995748,-0.302477683554977,0.847152057809412,0.153114307793542,0.0336981448112943,0.0344344666993168,-0.302477683554977,0.847152057809412,0.153114307793542,-0.361207492633454,0.987282602603687,0.179216781731398
0.5,0.160746022310666,-0.310267812502658,0.857211093316092,0.153114307793542,0.0347337187871695,0.0354938486064155,-0.310267812502658,0.857211093316092,0.153114307793542,-0.370677805009636,0.999059095492536,0.179216781731398
0.5025,0.159613425625583,-0.318091127462715,0.867264486109083,0.153114307793542,0.0357854193079702,0.0365698107067785,-0.318091127462715,0.867264486109083,0.153114307793542,-0.380198440137564,1.01083421378049,0.179216781731398
0.505,0.1584808289405,-0.325948021972607,0.877312569608493,0.153114307793542,0.0368532798035973,0.037662391644899,-0.325948021972607,0.877312569608493,0.153114307793542,-0.389770129984407,1.02260848783602,0.179216781731398
0.5075,0.157348232255417,-0.333838896285276,0.887355676226098,0.153114307793542,0.0379373345538739,0.0387716310551964,-0.333838896285276,0.887355676226098,0.153114307793542,-0.399393621963849,1.03438244801354,0.179216781731398
0.51,0.156215635570334,-0.341764157525498,0.897394137437378,0.153114307793542,0.0390376186973092,0.0398975695742774,-0.341764157525498,0.897394137437378,0.153114307793542,-0.409069679380423,1.04615662480839,0.179216781731398
0.5125,0.155083038885251,-0.349724219850802,0.907428283853066,0.153114307793542,0.0401541682401959,0.0410402488536714,-0.349724219850802,0.907428283853066,0.153114307793542,-0.418799081890035,1.05793154901151,0.179216781731398
0.515,0.153950442200168,-0.35771950461714,0.917458445290257,0.153114307793542,0.0412870200660482,0.0421997115730526,-0.35771950461714,0.917458445290257,0.153114307793542,-0.428582625977292,1.06970775186681,0.179216781731398
0.5175,0.152817845515085,-0.365750440549376,0.927484950843116,0.153114307793542,0.0424362119453904,0.0433760014539609,-0.365750440549376,0.927484950843116,0.153114307793542,-0.438421125450397,1.08148576522458,0.179216781731398
0.52,0.151685248830003,-0.373817463917235,0.937508128953226,0.153114307793542,0.0436017825459017,0.0445691632740395,-0.373817463917235,0.937508128953226,0.153114307793542,-0.448315411954386,1.09326612169979,0.179216781731398
0.5225,0.15055265214492,-0.381921018715824,0.947528307479608,0.153114307793542,0.0447837714429278,0.045779242881801,-0.381921018715824,0.947528307479608,0.153114307793542,-0.458266335503523,1.10504935482843,0.179216781731398
0.525,0.149420055459837,-0.390061556852267,0.957545813768457,0.153114307793542,0.0459822191303647,0.0470062872119393,-0.390061556852267,0.957545813768457,0.153114307793542,-0.468274765033733,1.11683599922552,0.179216781731398
0.5275,0.148287458774754,-0.398239538337692,0.967560974722625,0.153114307793542,0.0471971670319317,0.0482503443012011,-0.398239538337692,0.967560974722625,0.153114307793542,-0.478341588975977,1.1286265907438,0.179216781731398
0.53,0.147154862089671,-0.406455431485127,0.977574116870899,0.153114307793542,0.0484286575128334,0.0495114633048424,-0.406455431485127,0.977574116870899,0.153114307793542,-0.488467715851528,1.14042166663344,0.179216781731398
0.5325,0.146022265404588,-0.414709713113506,0.987585566437098,0.153114307793542,0.0496767338918299,0.0507896945136778,-0.414709713113506,0.987585566437098,0.153114307793542,-0.498654074890176,1.1522217657028,0.179216781731398
0.535,0.144889668719505,-0.423002868757961,0.997595649409066,0.153114307793542,0.0509414404537213,0.0520850893717485,-0.423002868757961,0.997595649409066,0.153114307793542,-0.508901616672412,1.16402742848116,0.179216781731398
0.5375,0.143757072034422,-0.431335392886658,1.00760469160743,0.153114307793542,0.0522228224622545,0.0533977004946278,-0.431335392886658,1.00760469160743,0.153114307793542,-0.51921131379673,1.17583919738024,0.179216781731398
0.54,0.14262447534934,-0.439707789124445,1.01761301875453,0.153114307793542,0.0535209261734768,0.0547275816883841,-0.439707789124445,1.01761301875453,0.153114307793542,-0.529584161573235,1.18765761686182,0.179216781731398
0.5425,0.141491878664257,-0.448120570483524,1.02762095654315,0.153114307793542,0.0548357988495311,0.0560747879692255,-0.448120570483524,1.02762095654315,0.153114307793542,-0.540021178744805,1.19948323360242,0.179216781731398
0.545,0.140359281979174,-0.456574259601456,1.03762883070534,0.153114307793542,0.0561674887729209,0.0574393755838471,-0.456574259601456,1.03762883070534,0.153114307793542,-0.550523408237154,1.21131659666209,0.179216781731398
0.5475,0.139226685294091,-0.465069388986753,1.04763696708117,0.153114307793542,0.0575160452612461,0.0588214020305062,-0.465069388986753,1.04763696708117,0.153114307793542,-0.561091917939168,1.22315825765464,0.179216781731398
0.55,0.138094088609008,-0.473606501272371,1.05764569168711,0.153114307793542,0.0588815186824303,0.0602209260808543,-0.473606501272371,1.05764569168711,0.153114307793542,-0.571727801515024,1.23500877091985,0.179216781731398
