s,r_non,r_lux,G_w85,G_w100,G_min_4corners,verdict
1.3,0.621000231731846,0.105928237769166,,,,INFEASIBLE
1.301,0.618080805919616,0.107250850568077,,,,INFEASIBLE
1.302,0.615161380107386,0.108573463366988,,,,INFEASIBLE
1.303,0.612241954295156,0.109896076165899,,,,INFEASIBLE
1.304,0.609322528482926,0.11121868896481,,,,INFEASIBLE
1.305,0.606403102670696,0.11254130176372,,,,INFEASIBLE
1.306,0.603483676858466,0.113863914562631,,,,INFEASIBLE
1.307,0.600564251046236,0.115186527361542,,,,INFEASIBLE
1.308,0.597644825234006,0.116509140160453,0.0882139107708961,0.0903264299955551,0.0844331869128595,ADOPT
1.309,0.594725399421776,0.117831752959364,0.0862315942551927,0.088289210440916,0.0824980862110258,ADOPT
1.31,0.591805973609546,0.119154365758274,0.0842739464988486,0.0862777401524346,0.0805874314703302,ADOPT
1.311,0.588886547797316,0.120476978557185,0.0823408501132919,0.0842918790057224,0.0787011104183715,ADOPT
1.312,0.585967121985086,0.121799591356096,0.0804321904050285,0.0823314903451717,0.07683901336346,ADOPT
1.313,0.583047696172856,0.123122204155007,0.0785478553149661,0.0803964408911729,0.0750010331382639,ADOPT
1.314,0.580128270360626,0.124444816953918,0.0766877353600318,0.0784866006512984,0.0731870650455614,ADOPT
1.315,0.577208844548396,0.125767429752828,0.074851723576994,0.0766018428352785,0.0713970068060639,ADOPT
1.316,0.574289418736166,0.127090042551739,0.0730397154683867,0.0747420437735612,0.0696307585081173,ADOPT
1.317,0.571369992923937,0.12841265535065,0.0712516089504903,0.0729070828392985,0.0678882225593523,ADOPT
1.318,0.568450567111706,0.129735268149561,0.0694873043031951,0.071096842373586,0.0661693036400843,ADOPT
1.319,0.565531141299477,0.131057880948472,0.067746704121795,0.0693112076138056,0.0644739086584658,ADOPT
1.32,0.562611715487246,0.132380493747383,0.0660297132705386,0.0675500666249244,0.0628019467072901,ADOPT
1.321,0.559692289675017,0.133703106546293,0.0643362388379126,0.0658133102336196,0.0611533290224075,ADOPT
1.322,0.556772863862786,0.135025719345204,0.0626661900935858,0.0641008319650912,0.0595279689426728,ADOPT
1.323,0.553853438050557,0.136348332144115,0.0610194784469473,0.0624125279824559,0.057925781871389,ADOPT
1.324,0.550934012238326,0.137670944943026,0.059396017407183,0.0607482970285919,0.0563466852391609,ADOPT
1.325,0.548014586426097,0.138993557741937,0.0577957225448352,0.0591080403703479,0.0547905984681726,ADOPT
1.326,0.545095160613866,0.140316170540848,0.0562185114547726,0.0574916617449942,0.053257442937748,ADOPT
1.327,0.542175734801637,0.141638783339758,0.054664303720577,0.0558990673088388,0.0517471419512291,ADOPT
1.328,0.539256308989406,0.142961396138669,0.0531330208802123,0.0543301655879084,0.0502596207040893,ADOPT
1.329,0.536336883177177,0.14428400893758,0.0516245863930059,0.0527848674306142,0.0487948062532498,ADOPT
1.33,0.533417457364947,0.145606621736491,0.0501389256078604,0.0512630859623191,0.0473526274875573,ADOPT
1.331,0.530498031552717,0.146929234535402,0.0486759657326696,0.0497647365417373,0.0459330150993886,ADOPT
1.332,0.527578605740486,0.148251847334313,0.0472356358048862,0.0482897367190863,0.0445359015573446,ADOPT
1.333,0.524659179928257,0.149574460133223,0.0458178666632198,0.0468380061959342,0.043161221080002,ADOPT
1.334,0.521739754116027,0.150897072932134,0.0444225909204156,0.0454094667866666,0.0418089096106881,ADOPT
1.335,0.518820328303797,0.152219685731045,0.0430497429370951,0.0440040423815284,0.0404789047932506,ADOPT
1.336,0.515900902491567,0.153542298529956,0.0416992587966092,0.0426216589111679,0.0391711459487927,ADOPT
1.337,0.512981476679337,0.154864911328866,0.04037107628089,0.0412622443126406,0.0378855740533487,ADOPT
1.338,0.510062050867107,0.156187524127777,0.039065134847265,0.0399257284968174,0.0366221317164682,ADOPT
1.339,0.507142625054877,0.157510136926688,0.0377813756062064,0.038612043317153,0.0353807631606907,ADOPT
1.34,0.504223199242647,0.158832749725599,0.0365197412999879,0.0373211225397607,0.0341614142018847,ADOPT
1.341,0.501303773430417,0.16015536252451,0.0352801762822341,0.0360529018147654,0.0329640322304292,ADOPT
1.342,0.498384347618187,0.161477975323421,0.034062626498327,0.0348073186488753,0.0317885661932167,ADOPT
1.343,0.495464921805957,0.162800588122331,0.0328670394666557,0.0335843123791562,0.0306349665764605,ADOPT
1.344,0.492545495993727,0.164123200921242,0.0316933642606874,0.0323838241479507,0.0295031853892829,ADOPT
1.345,0.489626070181497,0.165445813720153,0.030541551491837,0.0312057968789268,0.028393176148072,ADOPT
1.346,0.486706644369267,0.166768426519064,0.0294115532931202,0.0300501752542095,0.0273048938615874,ADOPT
1.347,0.483787218557037,0.168091039317975,0.0283033233035728,0.0289169056925762,0.0262382950168006,ADOPT
1.348,0.480867792744807,0.169413652116886,0.0272168166534152,0.0278059363286797,0.0251933375654547,ADOPT
1.349,0.477948366932577,0.170736264915796,0.0261519899499545,0.0267172169932772,0.0241699809113318,ADOPT
1.35,0.475028941120347,0.172058877714707,0.0251088012641999,0.0256506991944371,0.0231681858982107,ADOPT
1.351,0.472109515308117,0.173381490513618,0.0240872101181889,0.0246063360997022,0.0221879147985117,ADOPT
1.352,0.469190089495887,0.174704103312529,0.0230871774730025,0.0235840825191858,0.0212291313026056,ADOPT
1.353,0.466270663683657,0.17602671611144,0.0221086657174617,0.0225838948895813,0.0202918005087894,ADOPT
1.354,0.463351237871427,0.177349328910351,0.0211516386574944,0.021605731259064,0.0193758889139068,ADOPT
1.355,0.460431812059197,0.178671941709261,0.0202160615061606,0.020649551273071,0.0184813644046188,ADOPT
1.356,0.457512386246967,0.179994554508172,0.0193019008743354,0.0197153161609384,0.0176081962492995,ADOPT
1.357,0.454592960434737,0.181317167307083,0.0184091247620148,0.0188029887233838,0.0167563550905698,ADOPT
1.358,0.451673534622507,0.182639780105994,0.0175377025502812,0.0179125333208168,0.0159258129384431,ADOPT
1.359,0.448754108810277,0.183962392904905,0.0166876049938762,0.0170439158624675,0.0151165431640925,ADOPT
1.36,0.445834682998047,0.185285005703815,0.0158588042144019,0.0161971037963203,0.0143285204942262,ADOPT
1.361,0.442915257185817,0.186607618502726,0.0150512736941373,0.0153720660998403,0.0135617210060668,ADOPT
1.362,0.439995831373587,0.187930231301637,0.0142649882704624,0.0145687732714858,0.012816122122945,ADOPT
1.363,0.437076405561357,0.189252844100548,0.0134999241308885,0.0137871973229958,0.0120917026104718,ADOPT
1.364,0.434156979749127,0.190575456899459,0.0127560588087001,0.0130273117724471,0.0113884425733305,ADOPT
1.365,0.431237553936897,0.191898069698369,0.0120333711791765,0.0122890916380713,0.0107063234526529,ADOPT
1.366,0.428318128124667,0.19322068249728,0.0113318414564321,0.0115725134328307,0.0100453280239931,ADOPT
1.367,0.425398702312437,0.194543295296191,0.0106514511908419,0.0108775551597454,0.00940544039589863,ADOPT
1.368,0.422479276500207,0.195865908095102,0.00999218326706441,0.0102041963079679,0.00878664600907664,ADOPT
1.369,0.419559850687978,0.197188520894013,0.00935402190266044,0.00955241784960526,0.00818893163615508,ADOPT
1.37,0.416640424875747,0.198511133692924,0.00873695264730778,0.00892220223728457,0.00761228538204795,ADOPT
1.371,0.413720999063518,0.199833746491834,0.00814096238261397,0.00831353340246432,0.0070566966849176,ADOPT
1.372,0.410801573251287,0.201156359290745,0.0075660393225272,0.00772639675448816,0.00652215631774544,ADOPT
1.373,0.407882147439058,0.202478972089656,0.00701217301435075,0.00716077918038616,0.00600865639051018,ADOPT
1.374,0.404962721626827,0.203801584888567,0.00647935434036129,0.00661666904542291,0.00551619035298068,ADOPT
1.375,0.402043295814598,0.205124197687478,0.0059675755200389,0.0060940561944004,0.00504475299812945,ADOPT
1.376,0.399123870002367,0.206446810486389,0.00547683011290978,0.00559293195371391,0.00459434046616936,ADOPT
1.377,0.396204444190138,0.207769423285299,0.00500711302200951,0.00511328913417197,0.00416495024922714,ADOPT
1.378,0.393285018377908,0.20909203608421,0.00455842049797361,0.0046551220345844,0.00375658119665401,ADOPT
1.379,0.390365592565678,0.210414648883121,0.00413075014376108,0.00421842644612513,0.00336923352099006,ADOPT
1.38,0.387446166753447,0.211737261682032,0.0037241009200194,0.00380319965748133,0.0030029088045781,ADOPT
1.381,0.384526740941218,0.213059874480943,0.00333847315110047,0.00340944046079672,0.00265761000686315,ADOPT
1.382,0.381607315128988,0.214382487279853,0.00297386853173154,0.00303714915841924,0.00233334147235587,ADOPT
1.383,0.378687889316758,0.215705100078764,0.00263029013436722,0.00268632757046783,0.002030108939298,ADOPT
1.384,0.375768463504528,0.217027712877675,0.0023077424172111,0.0023569790432294,0.00174791954903053,ADOPT
1.385,0.372849037692298,0.218350325676586,0.00200623123293719,0.00204910845840101,0.00148678185608264,ADOPT
1.386,0.369929611880068,0.219672938475497,0.00172576383811729,0.00176272224319474,0.00124670583899378,ADOPT
1.387,0.367010186067838,0.220995551274407,0.00146634890336861,0.00149782838131918,0.00102770291188725,ADOPT
1.388,0.364090760255608,0.222318164073318,0.00122799652423733,0.00125443642486034,0.00082978593681271,ADOPT
1.389,0.361171334443378,0.223640776872229,0.00101071823283438,0.00103255750707765,0.000652969236873302,ADOPT
1.39,0.358251908631148,0.22496338967114,0.000814527010240984,0.000832204356140509,0.000497268610158974,ABSTAIN
1.391,0.355332482818918,0.226286002470051,0.000639437299701173,0.000653391309825335,0.000362701344505667,ABSTAIN
1.392,0.352413057006688,0.227608615268962,0.000485465020622078,0.000496134331199327,0.000249286233103829,ABSTAIN
1.393,0.349493631194458,0.228931228067872,0.000352627583402043,0.000360451025319009,0.000157043590977457,ABSTAIN
1.394,0.346574205382228,0.230253840866783,0.000240943905108537,0.000246360656966149,8.59952723591961e-05,ABSTAIN
1.395,0.343654779569998,0.231576453665694,0.000150434426030244,0.00015388416945894,3.61646889885936e-05,ABSTAIN
1.396,0.340735353757768,0.232899066464605,8.11211271268819e-05,8.30442045641755e-05,7.5768293603673e-06,ABSTAIN
1.397,0.337815927945538,0.234221679263516,3.30275484036191e-05,3.38651235464171e-05,2.5213175047778e-07,ABSTAIN
1.398,0.334896502133308,0.235544292062427,6.17880823772232e-06,6.37302939310303e-06,1.42372414551062e-05,ABSTAIN
1.399,0.331977076321078,0.236866904861337,6.01623688312181e-07,5.9579024913603e-07,3.00326119588856e-05,ABSTAIN
1.4,0.329057650508848,0.238189517660248,1.63243318167527e-05,1.65630641069114e-05,4.92317007794174e-06,ABSTAIN
1.401,0.326138224696618,0.239512130459159,5.3376912055092e-05,5.4306324791864e-05,1.08499740247847e-06,ABSTAIN
1.402,0.323218798884388,0.24083474325807,0.000111791009654194,0.000113858889290053,1.85541954644819e-05,ABSTAIN
1.403,0.320299373072158,0.242157356056981,0.000191599960250088,0.000195255946470962,5.7353248133496e-05,ABSTAIN
1.404,0.317379947259928,0.243479968855892,0.000292838815585283,0.000298534587250598,0.000117516481672464,ABSTAIN
1.405,0.314460521447698,0.244802581654802,0.000415544370429788,0.00042373383625649,0.000199077371137335,ABSTAIN
1.406,0.311541095635468,0.246125194453713,0.000559755190741251,0.000570894685050005,0.000302071109848368,ABSTAIN
1.407,0.308621669823238,0.247447807252624,0.000725511643113297,0.0007400601269687,0.000426534636409848,ABSTAIN
1.408,0.305702244011008,0.248770420051535,0.00091285592555812,0.000931275193655434,0.000572506662973593,ABSTAIN
1.409,0.302782818198778,0.250093032850446,0.00112183209967887,0.0011445869933443,0.000740027704795532,ADOPT
1.41,0.299863392386548,0.251415645649356,0.00135248612427341,0.00138004475097731,0.000929140111128768,ADOPT
1.411,0.296943966574318,0.252738258448267,0.00160486589045261,0.00163769985023188,0.00113988809751331,ADOPT
1.412,0.294024540762088,0.254060871247178,0.00187902125830208,0.00191760587754153,0.00137231777949809,ADOPT
1.413,0.291105114949858,0.255383484046089,0.00217500409517291,0.00221981866820209,0.00162647720788656,ADOPT
1.414,0.288185689137628,0.256706096845,0.00249286831566364,0.00254439635465453,0.00190241640552691,ADOPT
1.415,0.285266263325398,0.25802870964391,0.00283266992336273,0.00289139941704886,0.00220018740574002,ADOPT
1.416,0.282346837513168,0.259351322442821,0.00319446705442905,0.00326089073619373,0.00251984429244234,ADOPT
1.417,0.279427411700939,0.260673935241732,0.00357832002309078,0.00365293564900737,0.00286144324203486,ADOPT
1.418,0.276507985888708,0.261996548040643,0.00398429136914924,0.00406760200659273,0.00322504256713885,ADOPT
1.419,0.273588560076478,0.263319160839554,0.00441244590756873,0.00450496023506175,0.00361070276225495,ADOPT
1.42,0.270669134264249,0.264641773638464,0.00486285078027093,0.00496508339925228,0.00401848655143289,ADOPT
1.421,0.267749708452019,0.265964386437375,0.00533557551019892,0.00544804726948189,0.00444845893804513,ADOPT
1.422,0.264830282639788,0.267286999236286,0.00583069205779263,0.00595393039149439,0.00490068725674797,ADOPT
1.423,0.261910856827559,0.268609612035197,0.00634827487997036,0.00648281415976915,0.00537524122775446,ADOPT
1.424,0.258991431015329,0.269932224834108,0.00688840099174515,0.00703478289437021,0.00587219301350295,ADOPT
1.425,0.256072005203099,0.271254837633019,0.00745115003058716,0.00760992392152782,0.00639161727785031,ADOPT
1.426,0.253152579390868,0.27257745043193,0.00803660432371167,0.00820832765815294,0.00693359124790904,ADOPT
1.427,0.250233153578639,0.27390006323084,0.00864484895837414,0.00883008770050864,0.00749819477864222,ADOPT
1.428,0.247313727766409,0.275222676029751,0.00927597185538331,0.009475300917268,0.00808551042039352,ADOPT
1.429,0.244394301954179,0.276545288828662,0.00993006384596518,0.0101440675472113,0.00869562348943942,ADOPT
1.43,0.241474876141948,0.277867901627573,0.0106072187521605,0.0108364913018296,0.00932862214176933,ADOPT
1.431,0.238555450329719,0.279190514426484,0.0113075334709438,0.0115526794731249,0.00998459745023239,ADOPT
1.432,0.235636024517489,0.280513127225394,0.012031108062258,0.0122927430469146,0.0106636434852329,ADOPT
1.433,0.232716598705259,0.281835740024305,0.0127780458411796,0.0130567968219755,0.011365857399161,ADOPT
1.434,0.229797172893029,0.283158352823216,0.0135484534744375,0.0138449595353796,0.0120913395147578,ADOPT
1.435,0.226877747080799,0.284480965622127,0.0143424410815206,0.0146573539944141,0.0128401934176278,ADOPT
1.436,0.223958321268569,0.285803578421038,0.0151601223406533,0.0154941072154963,0.0136125260531244,ADOPT
1.437,0.221038895456339,0.287126191219949,0.0160016145998819,0.0163553505705286,0.0144084478278455,ADOPT
1.438,0.218119469644109,0.288448804018859,0.0168670389935904,0.017241219941182,0.015228072716016,ADOPT
1.439,0.215200043831879,0.28977141681777,0.0177565205647517,0.0181518558816249,0.0160715183710077,ADOPT
1.44,0.212280618019649,0.291094029616681,0.0186701883932535,0.0190874037902645,0.0169389062423125,ADOPT
1.441,0.209361192207419,0.292416642415592,0.0196081757306589,0.020048014091109,0.0178303616982777,ADOPT
1.442,0.206441766395189,0.293739255214503,0.0205706201417923,0.0210338424254136,0.0187460141549427,ADOPT
1.443,0.203522340582959,0.295061868013413,0.0215576636535677,0.0220450498543274,0.019685997211345,ADOPT
1.444,0.200602914770729,0.296384480812324,0.0225694529115058,0.0230818030733216,0.020650448791682,ADOPT
1.445,0.197683488958499,0.297707093611235,0.0236061393444234,0.0241442746392456,0.0216395112947511,ADOPT
1.446,0.194764063146269,0.299029706410146,0.0246678793378137,0.0252326432109332,0.0226533317511157,ADOPT
1.447,0.191844637334039,0.300352319209057,0.0257548344164783,0.0263470938043655,0.0236920619884877,ADOPT
1.448,0.188925211521809,0.301674932007967,0.0268671714370108,0.0274878180634852,0.0247558588058414,ADOPT
1.449,0.186005785709579,0.302997544806878,0.0280050627907861,0.0286550145478647,0.0258448841568294,ADOPT
1.45,0.183086359897349,0.304320157605789,0.0291686866181562,0.0298488890385331,0.026959305343099,ADOPT
1.451,0.180166934085119,0.3056427704047,0.0303582270346169,0.0310696548634069,0.0280992952181738,ADOPT
1.452,0.177247508272889,0.306965383203611,0.0315738743697597,0.0323175332438882,0.0292650324025967,ADOPT
1.453,0.174328082460659,0.308287996002522,0.0328158254199169,0.0335927536643775,0.0304567015111122,ADOPT
1.454,0.17140865664843,0.309610608801432,0.0340842837154455,0.0348955542665893,0.031674493392705,ADOPT
1.455,0.168489230836199,0.310933221600343,0.0353794598037243,0.0362261822707827,0.0329186053844035,ADOPT
1.456,0.165569805023969,0.312255834399254,0.0367015715489814,0.0375848944262162,0.0341892415798096,ADOPT
1.457,0.162650379211739,0.313578447198165,0.0380508444502194,0.0389719574933923,0.0354866131134287,ADOPT
1.458,0.15973095339951,0.314901059997076,0.0394275119785694,0.0403876487609274,0.0368109384619297,ADOPT
1.459,0.156811527587279,0.316223672795987,0.0408318159355663,0.0418322566001946,0.0381624437636067,ADOPT
1.46,0.15389210177505,0.317546285594897,0.0422640068339459,0.0433060810612386,0.0395413631573881,ADOPT
1.461,0.150972675962819,0.318868898393808,0.043724344302737,0.0448094345138594,0.0409479391428921,ADOPT
1.462,0.14805325015059,0.320191511192719,,,,INFEASIBLE
1.463,0.145133824338359,0.32151412399163,,,,INFEASIBLE
1.464,0.14221439852613,0.322836736790541,,,,INFEASIBLE
1.465,0.139294972713899,0.324159349589451,,,,INFEASIBLE
1.466,0.13637554690167,0.325481962388362,,,,INFEASIBLE
1.467,0.133456121089439,0.326804575187273,,,,INFEASIBLE
1.468,0.13053669527721,0.328127187986184,,,,INFEASIBLE
1.469,0.127617269464979,0.329449800785095,,,,INFEASIBLE
1.47,0.12469784365275,0.330772413584005,,,,INFEASIBLE
1.471,0.121778417840519,0.332095026382916,,,,INFEASIBLE
1.472,0.11885899202829,0.333417639181827,,,,INFEASIBLE
1.473,0.11593956621606,0.334740251980738,,,,INFEASIBLE
1.474,0.11302014040383,0.336062864779649,,,,INFEASIBLE
1.475,0.110100714591599,0.33738547757856,,,,INFEASIBLE
1.476,0.10718128877937,0.33870809037747,,,,INFEASIBLE
1.477,0.10426186296714,0.340030703176381,,,,INFEASIBLE
1.478,0.10134243715491,0.341353315975292,,,,INFEASIBLE
1.479,0.0984230113426796,0.342675928774203,,,,INFEASIBLE
1.48,0.0955035855304499,0.343998541573114,,,,INFEASIBLE
1.481,0.0925841597182197,0.345321154372025,,,,INFEASIBLE
1.482,0.0896647339059901,0.346643767170935,,,,INFEASIBLE
1.483,0.0867453080937596,0.347966379969846,,,,INFEASIBLE
1.484,0.08382588228153,0.349288992768757,,,,INFEASIBLE
1.485,0.0809064564692998,0.350611605567668,,,,INFEASIBLE
1.486,0.0779870306570701,0.351934218366579,,,,INFEASIBLE
1.487,0.0750676048448397,0.35325683116549,,,,INFEASIBLE
1.488,0.0721481790326101,0.3545794439644,,,,INFEASIBLE
1.489,0.0692287532203798,0.355902056763311,,,,INFEASIBLE
1.49,0.0663093274081502,0.357224669562222,,,,INFEASIBLE
1.491,0.0633899015959198,0.358547282361133,,,,INFEASIBLE
1.492,0.0604704757836902,0.359869895160043,,,,INFEASIBLE
1.493,0.0575510499714599,0.361192507958954,,,,INFEASIBLE
1.494,0.0546316241592303,0.362515120757865,,,,INFEASIBLE
1.495,0.0517121983469999,0.363837733556776,,,,INFEASIBLE
1.496,0.0487927725347702,0.365160346355687,,,,INFEASIBLE
1.497,0.04587334672254,0.366482959154598,,,,INFEASIBLE
1.498,0.0429539209103104,0.367805571953508,,,,INFEASIBLE
1.499,0.0400344950980799,0.369128184752419,,,,INFEASIBLE
1.5,0.0371150692858503,0.37045079755133,,,,INFEASIBLE
