Delta_s,r_non_pub,r_lux_pub,public_share,candidate,EG,sdG,P_G_neg,p05,p95
-0.03,0.586960625206104,0.121349495974199,0.5,file2_vs_file1,0.0300781387628353,0.0062117080322734,0,0.0196702481117814,0.0401950575241616
-0.03,0.586960625206104,0.121349495974199,0.5,exactopt_vs_selected,0.0512902988644148,0.0201607466490094,0.00475,0.0173965498451026,0.0845271375135197
-0.03,0.586960625206104,0.121349495974199,0.7,file2_vs_file1,0.0300844089590612,0.00675795018624628,0,0.0187815665510699,0.041089514645623
-0.03,0.586960625206104,0.121349495974199,0.7,exactopt_vs_selected,0.0513067268314511,0.0219490327344298,0.009,0.0144156393067502,0.0875247023401258
-0.0295,0.583154302072592,0.123073907559546,0.5,file2_vs_file1,0.0295781726500138,0.00621175807053475,0,0.0191702481117814,0.0396950575241616
-0.0295,0.583154302072592,0.123073907559546,0.5,exactopt_vs_selected,0.0493239193436367,0.0197378981149022,0.00525,0.0161948850621583,0.0819009871906902
-0.0295,0.583154302072592,0.123073907559546,0.7,file2_vs_file1,0.029584455279312,0.00675801091077145,0,0.0182815665510699,0.040589514645623
-0.0295,0.583154302072592,0.123073907559546,0.7,exactopt_vs_selected,0.0493401117326246,0.0214884659994153,0.0105,0.0132016451223905,0.0847689124201953
-0.029,0.579347978939081,0.124798319144894,0.5,file2_vs_file1,0.0290781726500138,0.00621175807053475,0,0.0186702481117814,0.0391950575241617
-0.029,0.579347978939081,0.124798319144894,0.5,exactopt_vs_selected,0.0473985657599758,0.0193166483718201,0.0065,0.0150231958296161,0.0793140898763033
-0.029,0.579347978939081,0.124798319144894,0.7,file2_vs_file1,0.0290845015995628,0.00675807290467858,0,0.0177815665510699,0.0400895146456231
-0.029,0.579347978939081,0.124798319144894,0.7,exactopt_vs_selected,0.0474146435093068,0.021029914869372,0.013,0.0120832077483272,0.0821053560204139
-0.0285,0.57554165580557,0.126522730730242,0.5,file2_vs_file1,0.0285781726500138,0.00621175807053475,0,0.0181702481117813,0.0386950575241616
-0.0285,0.57554165580557,0.126522730730242,0.5,exactopt_vs_selected,0.0455141322914879,0.0188971914874115,0.007,0.0138663576892545,0.0767686645845395
-0.0285,0.57554165580557,0.126522730730242,0.7,file2_vs_file1,0.0285845479198135,0.00675813616793276,0,0.0172815665510699,0.0395895146456231
-0.0285,0.57554165580557,0.126522730730242,0.7,exactopt_vs_selected,0.0455300857561848,0.0205733159977301,0.01525,0.0110217150392019,0.0795050690579613
-0.028,0.571735332672058,0.128247142315589,0.5,file2_vs_file1,0.0280781726500138,0.00621175807053475,0,0.0176702481117813,0.0381950575241616
-0.028,0.571735332672058,0.128247142315589,0.5,exactopt_vs_selected,0.0436703895039396,0.0184794708458532,0.008,0.012699459690493,0.0741816026578744
-0.028,0.571735332672058,0.128247142315589,0.7,file2_vs_file1,0.0280845942400643,0.00675820070049831,0,0.0167815665510699,0.039089514645623
-0.028,0.571735332672058,0.128247142315589,0.7,exactopt_vs_selected,0.0436862091395625,0.0201186074830929,0.017,0.00997687116321015,0.0769437278477465
-0.0275,0.567929009538547,0.129971553900937,0.5,file2_vs_file1,0.0275781726500138,0.00621175807053474,0,0.0171702481117814,0.0376950575241617
-0.0275,0.567929009538547,0.129971553900937,0.5,exactopt_vs_selected,0.0418671148458837,0.0180634310868921,0.00975,0.0115790909028791,0.0716843620212201
-0.0275,0.567929009538547,0.129971553900937,0.7,file2_vs_file1,0.0275846405603151,0.00675826650233888,0,0.0162815665510699,0.038589514645623
-0.0275,0.567929009538547,0.129971553900937,0.7,exactopt_vs_selected,0.0418827912047105,0.0196657287998637,0.0185,0.00893711469017642,0.0743873878020083
-0.027,0.564122686405036,0.131695965486285,0.5,file2_vs_file1,0.0270781726500139,0.00621175807053474,0,0.0166702481117814,0.0371950575241617
-0.027,0.564122686405036,0.131695965486285,0.5,exactopt_vs_selected,0.0401040924652524,0.0176490180453499,0.01175,0.0105304426577791,0.0692566097446419
-0.027,0.564122686405036,0.131695965486285,0.7,file2_vs_file1,0.0270846868805659,0.00675833357341741,0,0.0157815665510699,0.0380895146456231
-0.027,0.564122686405036,0.131695965486285,0.7,exactopt_vs_selected,0.0401196161925949,0.0192146207321505,0.02125,0.00790597874908722,0.0718255256501224
-0.0265,0.560316363271524,0.133420377071632,0.5,file2_vs_file1,0.0265781726500138,0.00621175807053475,0,0.0161702481117814,0.0366950575241617
-0.0265,0.560316363271524,0.133420377071632,0.5,exactopt_vs_selected,0.0383811130347334,0.0172361786932878,0.0145,0.00951862489038134,0.0668676313150935
-0.0265,0.560316363271524,0.133420377071632,0.7,file2_vs_file1,0.0265847332008167,0.00675840191369611,0,0.0152815665510699,0.0375895146456231
-0.0265,0.560316363271524,0.133420377071632,0.7,exactopt_vs_selected,0.0383964748653822,0.0187652253105807,0.02425,0.00694028431503076,0.0693811544567441
-0.026,0.556510040138013,0.13514478865698,0.5,file2_vs_file1,0.0260781726500138,0.00621175807053475,0,0.0156702481117814,0.0361950575241617
-0.026,0.556510040138013,0.13514478865698,0.5,exactopt_vs_selected,0.0366979735855599,0.0168248610847382,0.0165,0.00850390150648088,0.0645193379870884
-0.026,0.556510040138013,0.13514478865698,0.7,file2_vs_file1,0.0260847482560107,0.00675842439922148,0,0.0147815665510699,0.037089514645623
-0.026,0.556510040138013,0.13514478865698,0.7,exactopt_vs_selected,0.0367130656067433,0.0183172973544473,0.0265,0.00602802427975203,0.0669765933597319
-0.0255,0.552703717004502,0.136869200242328,0.5,file2_vs_file1,0.0255781726500138,0.00621175807053475,0,0.0151702481117814,0.0356950575241617
-0.0255,0.552703717004502,0.136869200242328,0.5,exactopt_vs_selected,0.0350544773492774,0.0164150143028136,0.01825,0.00755988451237284,0.0621808754794362
-0.0255,0.552703717004502,0.136869200242328,0.7,file2_vs_file1,0.0255847482560107,0.00675842439922148,0,0.0142815665510699,0.036589514645623
-0.0255,0.552703717004502,0.136869200242328,0.7,exactopt_vs_selected,0.0350692494563953,0.0178708891761334,0.029,0.00514897864533053,0.0646111789998009
-0.025,0.54889739387099,0.138593611827675,0.5,file2_vs_file1,0.0250781726500138,0.00621175807053474,0,0.0146702481117814,0.0351950575241617
-0.025,0.54889739387099,0.138593611827675,0.5,exactopt_vs_selected,0.0334504336071043,0.0160065884090405,0.02175,0.00663374036629921,0.0598725540226508
-0.025,0.54889739387099,0.138593611827675,0.7,file2_vs_file1,0.0250847482560107,0.00675842439922148,0,0.0137815665510699,0.0360895146456231
-0.025,0.54889739387099,0.138593611827675,0.7,exactopt_vs_selected,0.0334648845074849,0.017426038971414,0.0315,0.00428040705691918,0.0622864884343848
-0.0245,0.545091070737479,0.140318023413023,0.5,file2_vs_file1,0.0245781726500138,0.00621175807053474,0,0.0141702481117814,0.0346950575241617
-0.0245,0.545091070737479,0.140318023413023,0.5,exactopt_vs_selected,0.0318856575465423,0.0155995343947975,0.0235,0.0057469251924871,0.0576486380064027
-0.0245,0.545091070737479,0.140318023413023,0.7,file2_vs_file1,0.0245847482560107,0.00675842439922148,0,0.0132815665510699,0.0355895146456231
-0.0245,0.545091070737479,0.140318023413023,0.7,exactopt_vs_selected,0.0318997859370587,0.0169826932458932,0.03325,0.00345031773091524,0.0599472786821944
-0.024,0.541284747603968,0.142042434998371,0.5,file2_vs_file1,0.0240781726500139,0.00621175807053474,0,0.0136702481117814,0.0341950575241617
-0.024,0.541284747603968,0.142042434998371,0.5,exactopt_vs_selected,0.0303599701248467,0.0151938041346523,0.0275,0.00489479790666823,0.0554409148730809
-0.024,0.541284747603968,0.142042434998371,0.7,file2_vs_file1,0.0240847482560107,0.00675842439922148,0.00025,0.0127815665510699,0.0350895146456231
-0.024,0.541284747603968,0.142042434998371,0.7,exactopt_vs_selected,0.0303737746911809,0.0165407994729572,0.03525,0.00266049624718909,0.0576831825892427
-0.0235,0.537478424470456,0.143766846583718,0.5,file2_vs_file1,0.0235781726500139,0.00621175807053475,0,0.0131702481117814,0.0336950575241617
-0.0235,0.537478424470456,0.143766846583718,0.5,exactopt_vs_selected,0.0288731979391379,0.0147893503415987,0.02975,0.00410644100815476,0.0532666709091552
-0.0235,0.537478424470456,0.143766846583718,0.7,file2_vs_file1,0.0235847482560107,0.00675842439922148,0.00025,0.0122815665510699,0.0345895146456231
-0.0235,0.537478424470456,0.143766846583718,0.7,exactopt_vs_selected,0.0288866773550556,0.0161003060448333,0.03725,0.00190570913543789,0.0554785568125213
-0.023,0.533672101336945,0.145491258169066,0.5,file2_vs_file1,0.0230781726500138,0.00621175807053474,0,0.0126702481117814,0.0331950575241617
-0.023,0.533672101336945,0.145491258169066,0.5,exactopt_vs_selected,0.027425173102754,0.0143861265239363,0.0325,0.00331357593124846,0.0511327565914725
-0.023,0.533672101336945,0.145491258169066,0.7,file2_vs_file1,0.0230847482560107,0.00675842439922148,0.00025,0.0117815665510699,0.0340895146456231
-0.023,0.533672101336945,0.145491258169066,0.7,exactopt_vs_selected,0.02743832602939,0.0156611622254494,0.0415,0.00120214722992274,0.0532812837625808
-0.0225,0.529865778203434,0.147215669754414,0.5,file2_vs_file1,0.0225781726500139,0.00621175807053474,0,0.0121702481117814,0.0326950575241617
-0.0225,0.529865778203434,0.147215669754414,0.5,exactopt_vs_selected,0.0260157331276464,0.0139840869437824,0.034,0.00256102026744045,0.0490477755194071
-0.0225,0.529865778203434,0.147215669754414,0.7,file2_vs_file1,0.0225847482560107,0.00675842439922148,0.00025,0.0112815665510699,0.0335895146456231
-0.0225,0.529865778203434,0.147215669754414,0.7,exactopt_vs_selected,0.0260285582127986,0.0152233181050811,0.04625,0.000526662574475624,0.0511291344721725
-0.022,0.526059455069922,0.148940081339761,0.5,file2_vs_file1,0.0220781726500138,0.00621175807053475,0.00025,0.0116702481117814,0.0321950575241617
-0.022,0.526059455069922,0.148940081339761,0.5,exactopt_vs_selected,0.0246447208125224,0.013583186577061,0.03625,0.00184569958551233,0.0469998876100857
-0.022,0.526059455069922,0.148940081339761,0.7,file2_vs_file1,0.0220847482560107,0.00675842439922148,0.00025,0.0107815665510699,0.0330895146456231
-0.022,0.526059455069922,0.148940081339761,0.7,exactopt_vs_selected,0.0246572166899527,0.0147867245566171,0.05175,-0.00013385912238948,0.049016527644059
-0.0215,0.522253131936411,0.150664492925109,0.5,file2_vs_file1,0.0215781726500138,0.00621175807053474,0.00025,0.0111702481117814,0.0316950575241617
-0.0215,0.522253131936411,0.150664492925109,0.5,exactopt_vs_selected,0.0233119841365104,0.0131833810748925,0.04,0.00118896596453907,0.0450193986444798
-0.0215,0.522253131936411,0.150664492925109,0.7,file2_vs_file1,0.0215847482560107,0.00675842439922148,0.00025,0.0102815665510699,0.0325895146456231
-0.0215,0.522253131936411,0.150664492925109,0.7,exactopt_vs_selected,0.0233241494252526,0.0143513331933591,0.05675,-0.000752175187681088,0.0469527030547067
-0.021,0.5184468088029,0.152388904510457,0.5,file2_vs_file1,0.0210781726500139,0.00621175807053474,0.00025,0.0106702481117814,0.0311950575241617
-0.021,0.5184468088029,0.152388904510457,0.5,exactopt_vs_selected,0.0220173761581172,0.0127846267262818,0.0445,0.000559398962581488,0.0430780542607054
-0.021,0.5184468088029,0.152388904510457,0.7,file2_vs_file1,0.0210847482560107,0.00675842439922148,0.00025,0.00978156655106991,0.0320895146456231
-0.021,0.5184468088029,0.152388904510457,0.7,exactopt_vs_selected,0.0220292094617896,0.0139170963282456,0.061,-0.00132138115780139,0.0449381423645086
-0.0205,0.514640485669388,0.154113316095804,0.5,file2_vs_file1,0.0205781726500138,0.00621175807053475,0.00025,0.0101702481117814,0.0306950575241617
-0.0205,0.514640485669388,0.154113316095804,0.5,exactopt_vs_selected,0.020760754919269,0.0123868804220222,0.05025,-1.34528499436063e-05,0.0411740444499265
-0.0205,0.514640485669388,0.154113316095804,0.7,file2_vs_file1,0.0205847482560107,0.00675842439922148,5e-04,0.00928156655106991,0.0315895146456231
-0.0205,0.514640485669388,0.154113316095804,0.7,exactopt_vs_selected,0.0207722548253908,0.0134839669344068,0.06725,-0.00185702987308483,0.0429786401834979
-0.02,0.510834162535877,0.155837727681152,0.5,file2_vs_file1,0.0200781726500138,0.00621175807053474,0.00025,0.00967024811178136,0.0301950575241617
-0.02,0.510834162535877,0.155837727681152,0.5,exactopt_vs_selected,0.0195419833542379,0.0119900996197257,0.05625,-0.000542694368542226,0.0392886811338524
-0.02,0.510834162535877,0.155837727681152,0.7,file2_vs_file1,0.0200847482560107,0.00675842439922148,0.00125,0.0087815665510699,0.0310895146456231
-0.02,0.510834162535877,0.155837727681152,0.7,exactopt_vs_selected,0.0195531484335487,0.0130518986069547,0.07325,-0.00235234516253006,0.0410573596813393
-0.0195,0.507027839402366,0.1575621392665,0.5,file2_vs_file1,0.0195781726500139,0.00621175807053474,0.00025,0.00917024811178137,0.0296950575241617
-0.0195,0.507027839402366,0.1575621392665,0.5,exactopt_vs_selected,0.0183609292032761,0.0115942423099138,0.06075,-0.00106269766520507,0.0374465044791695
-0.0195,0.507027839402366,0.1575621392665,0.7,file2_vs_file1,0.0195847482560107,0.00675842439922148,0.0015,0.00828156655106992,0.0305895146456231
-0.0195,0.507027839402366,0.1575621392665,0.7,exactopt_vs_selected,0.0183717580090568,0.0126208455259362,0.0775,-0.00278507058866154,0.0391704080243523
-0.019,0.503221516268854,0.159286550851848,0.5,file2_vs_file1,0.0190781726500139,0.00621175807053475,0.00025,0.00867024811178136,0.0291950575241617
-0.019,0.503221516268854,0.159286550851848,0.5,exactopt_vs_selected,0.0172174649307775,0.0111992669830773,0.06825,-0.00153668856589659,0.0356614613196205
-0.019,0.503221516268854,0.159286550851848,0.7,file2_vs_file1,0.0190847482560107,0.00675842439922148,0.002,0.00778156655106991,0.0300895146456231
-0.019,0.503221516268854,0.159286550851848,0.7,exactopt_vs_selected,0.0172279559981726,0.0121907624203482,0.08225,-0.00319013833714893,0.0372971629953697
-0.0185,0.499415193135343,0.161010962437195,0.5,file2_vs_file1,0.0185781726500139,0.00621175807053474,0.00125,0.00817024811178136,0.0286950575241617
-0.0185,0.499415193135343,0.161010962437195,0.5,exactopt_vs_selected,0.0161114676478164,0.0108051325976472,0.074,-0.00197121951034791,0.0339182925604271
-0.0185,0.499415193135343,0.161010962437195,0.7,file2_vs_file1,0.0185847482560107,0.00675842439922148,0.00275,0.00728156655106991,0.0295895146456231
-0.0185,0.499415193135343,0.161010962437195,0.7,exactopt_vs_selected,0.0161216194931553,0.0117616045331524,0.08875,-0.00358233226176041,0.0354861727203387
-0.018,0.495608870001832,0.162735374022543,0.5,file2_vs_file1,0.0180781726500139,0.00621175807053475,0.00125,0.00767024811178137,0.0281950575241617
-0.018,0.495608870001832,0.162735374022543,0.5,exactopt_vs_selected,0.0150428190389084,0.0104117985488042,0.07775,-0.00240256985257671,0.0322195179451621
-0.018,0.495608870001832,0.162735374022543,0.7,file2_vs_file1,0.0180847482560107,0.00675842439922148,0.00325,0.00678156655106991,0.0290895146456231
-0.018,0.495608870001832,0.162735374022543,0.7,exactopt_vs_selected,0.0150526301590255,0.0113333275872094,0.09475,-0.00392141468322987,0.0337212326282953
-0.0175,0.49180254686832,0.164459785607891,0.5,file2_vs_file1,0.0175781726500138,0.00621175807053475,0.00175,0.00717024811178136,0.0276950575241617
-0.0175,0.49180254686832,0.164459785607891,0.5,exactopt_vs_selected,0.0140114052928573,0.0100192246380616,0.0855,-0.00279207613898396,0.0305376892015172
-0.0175,0.49180254686832,0.164459785607891,0.7,file2_vs_file1,0.0175847482560107,0.00675842439922148,0.00475,0.00628156655106991,0.0285895146456231
-0.0175,0.49180254686832,0.164459785607891,0.7,exactopt_vs_selected,0.0140208741644103,0.010905887752062,0.0995,-0.00423006927365031,0.0320013708570554
-0.017,0.487996223734809,0.166184197193238,0.5,file2_vs_file1,0.0170781726500139,0.00621175807053474,0.00275,0.00667024811178136,0.0271950575241617
-0.017,0.487996223734809,0.166184197193238,0.5,exactopt_vs_selected,0.0130171170375595,0.00962737104356151,0.0915,-0.00313522565401873,0.0288929032962472
-0.017,0.487996223734809,0.166184197193238,0.7,file2_vs_file1,0.0170847482560107,0.00675842439922148,0.00525,0.00578156655106992,0.0280895146456231
-0.017,0.487996223734809,0.166184197193238,0.7,exactopt_vs_selected,0.0130262421163439,0.0104792416115011,0.10725,-0.00454445577394864,0.0303108443644329
-0.0165,0.484189900601298,0.167908608778586,0.5,file2_vs_file1,0.0165781726500139,0.00621175807053474,0.00325,0.00617024811178137,0.0266950575241617
-0.0165,0.484189900601298,0.167908608778586,0.5,exactopt_vs_selected,0.0120598492786455,0.00923619829102364,0.0965,-0.0034419461265999,0.0272837478288095
-0.0165,0.484189900601298,0.167908608778586,0.7,file2_vs_file1,0.0165847482560107,0.00675842439922148,0.00675,0.00528156655106992,0.0275895146456231
-0.0165,0.484189900601298,0.167908608778586,0.7,exactopt_vs_selected,0.0120686289989049,0.0100533461318492,0.114,-0.00479451220478996,0.0286513089571632
-0.016,0.480383577467786,0.169633020363934,0.5,file2_vs_file1,0.0160781726500139,0.00621175807053474,0.00475,0.00567024811178137,0.0261950575241617
-0.016,0.480383577467786,0.169633020363934,0.5,exactopt_vs_selected,0.0111395013418477,0.00884566722529082,0.10375,-0.00371228197810481,0.0257118624637593
-0.016,0.480383577467786,0.169633020363934,0.7,file2_vs_file1,0.0160847482560107,0.00675842439922148,0.00825,0.00478156655106991,0.0270895146456231
-0.016,0.480383577467786,0.169633020363934,0.7,exactopt_vs_selected,0.0111479341155797,0.00962815863089751,0.121,-0.00500804027270436,0.0270223480696887
-0.0155,0.476577254334275,0.171357431949281,0.5,file2_vs_file1,0.0155781726500139,0.00621175807053474,0.0055,0.00517024811178136,0.0256950575241617
-0.0155,0.476577254334275,0.171357431949281,0.5,exactopt_vs_selected,0.0102559768189936,0.00845573898241545,0.1125,-0.00394876388571492,0.0241751296671656
-0.0155,0.476577254334275,0.171357431949281,0.7,file2_vs_file1,0.0155847482560107,0.00675842439922148,0.01075,0.00428156655106992,0.0265895146456231
-0.0155,0.476577254334275,0.171357431949281,0.7,exactopt_vs_selected,0.0102640610352486,0.0092036367474398,0.128,-0.00518527413060741,0.0254312291130913
-0.015,0.472770931200764,0.173081843534629,0.5,file2_vs_file1,0.0150781726500139,0.00621175807053475,0.00725,0.00467024811178137,0.0251950575241617
-0.015,0.472770931200764,0.173081843534629,0.5,exactopt_vs_selected,0.00940918351752846,0.00806637496223448,0.1195,-0.00415589202849754,0.0226847052672259
-0.015,0.472770931200764,0.173081843534629,0.7,file2_vs_file1,0.0150847482560107,0.00675842439922148,0.01375,0.00378156655106992,0.0260895146456231
-0.015,0.472770931200764,0.173081843534629,0.7,exactopt_vs_selected,0.00941691754170191,0.00877973841134215,0.14,-0.00532624519290994,0.023877608270487
-0.0145,0.468964608067252,0.174806255119977,0.5,file2_vs_file1,0.0145781726500139,0.00621175807053475,0.009,0.00417024811178136,0.0246950575241617
-0.0145,0.468964608067252,0.174806255119977,0.5,exactopt_vs_selected,0.00859903341348124,0.00767753680138094,0.12675,-0.00431736524015734,0.0212344245408487
-0.0145,0.468964608067252,0.174806255119977,0.7,file2_vs_file1,0.0145847482560107,0.00675842439922148,0.0175,0.00328156655106991,0.0255895146456231
-0.0145,0.468964608067252,0.174806255119977,0.7,exactopt_vs_selected,0.00860641558659805,0.00835642181409392,0.149,-0.00543828239695681,0.0223629822827842
-0.014,0.465158284933741,0.176530666705324,0.5,file2_vs_file1,0.0140781726500139,0.00621175807053475,0.0115,0.00367024811178137,0.0241950575241617
-0.014,0.465158284933741,0.176530666705324,0.5,exactopt_vs_selected,0.00782544260779559,0.00728918634668295,0.138,-0.00444284016199166,0.0198125746809544
-0.014,0.465158284933741,0.176530666705324,0.7,file2_vs_file1,0.0140847482560107,0.00675842439922148,0.02,0.00278156655106992,0.0250895146456231
-0.014,0.465158284933741,0.176530666705324,0.7,exactopt_vs_selected,0.0078324712457853,0.0079336453797854,0.1605,-0.00551159670917441,0.020890845328911
-0.0135,0.46135196180023,0.178255078290672,0.5,file2_vs_file1,0.0135781726500139,0.00621175807053474,0.01625,0.00317024811178137,0.0236950575241617
-0.0135,0.46135196180023,0.178255078290672,0.5,exactopt_vs_selected,0.00708833128595199,0.00690128562890066,0.14875,-0.00451932159789748,0.0184293165208891
-0.0135,0.46135196180023,0.178255078290672,0.7,file2_vs_file1,0.0135847482560107,0.00675842439922148,0.0255,0.00228156655106992,0.0245895146456231
-0.0135,0.46135196180023,0.178255078290672,0.7,exactopt_vs_selected,0.00709500467891422,0.0075113677364587,0.1705,-0.00554376207533065,0.0194534525352791
-0.013,0.457545638666718,0.17997948987602,0.5,file2_vs_file1,0.0130781726500139,0.00621175807053475,0.01975,0.00267024811178136,0.0231950575241617
-0.013,0.457545638666718,0.17997948987602,0.5,exactopt_vs_selected,0.00638762368081709,0.00651379683675467,0.16225,-0.00457193914981295,0.0170852278193517
-0.013,0.457545638666718,0.17997948987602,0.7,file2_vs_file1,0.0130847482560107,0.00675842439922148,0.03,0.00178156655106991,0.0240895146456231
-0.013,0.457545638666718,0.17997948987602,0.7,exactopt_vs_selected,0.00639394009227619,0.00708954768778043,0.18125,-0.00553915863440339,0.0180517660551059
-0.0125,0.453739315533207,0.181703901461367,0.5,file2_vs_file1,0.0125781726500139,0.00621175807053474,0.0245,0.00217024811178137,0.0226950575241617
-0.0125,0.453739315533207,0.181703901461367,0.5,exactopt_vs_selected,0.00572324803866083,0.00612668229119897,0.17375,-0.00458655554772279,0.0157748137950804
-0.0125,0.453739315533207,0.181703901461367,0.7,file2_vs_file1,0.0125847482560107,0.00675842439922148,0.0325,0.00128156655106992,0.0235895146456231
-0.0125,0.453739315533207,0.181703901461367,0.7,exactopt_vs_selected,0.00572920570480872,0.0066681441849854,0.19275,-0.00548778985714759,0.0166846380843212
-0.012,0.449932992399696,0.183428313046715,0.5,file2_vs_file1,0.0120781726500139,0.00621175807053474,0.02925,0.00167024811178137,0.0221950575241617
-0.012,0.449932992399696,0.183428313046715,0.5,exactopt_vs_selected,0.00509513658828925,0.00573990441989277,0.18525,-0.00456866159409447,0.0145108161009707
-0.012,0.449932992399696,0.183428313046715,0.7,file2_vs_file1,0.0120847482560107,0.00675842439922148,0.03875,0.000781566551069922,0.0230895146456231
-0.012,0.449932992399696,0.183428313046715,0.7,exactopt_vs_selected,0.00510073371721547,0.00624711629904175,0.2025,-0.00541151096044837,0.0153548859194241
-0.0115,0.446126669266184,0.185152724632063,0.5,file2_vs_file1,0.0115781726500139,0.00621175807053474,0.03275,0.00117024811178137,0.0216950575241617
-0.0115,0.446126669266184,0.185152724632063,0.5,exactopt_vs_selected,0.00450322551324668,0.00535342573182669,0.197,-0.00451280616552289,0.0132865115439553
-0.0115,0.446126669266184,0.185152724632063,0.7,file2_vs_file1,0.0115847482560107,0.00675842439922148,0.0465,0.000281566551069925,0.0225895146456231
-0.0115,0.446126669266184,0.185152724632063,0.7,exactopt_vs_selected,0.00450846028415479,0.00582642319298811,0.2145,-0.00529890209744799,0.014063718213441
-0.011,0.442320346132673,0.18687713621741,0.5,file2_vs_file1,0.0110781726500139,0.00621175807053475,0.039,0.000670248111781375,0.0211950575241617
-0.011,0.442320346132673,0.18687713621741,0.5,exactopt_vs_selected,0.00394745492704798,0.00496720879205872,0.209,-0.0044203608570511,0.0121035042140953
-0.011,0.442320346132673,0.18687713621741,0.7,file2_vs_file1,0.0110847482560107,0.00675842439922148,0.054,-0.000218433448930076,0.0220895146456231
-0.011,0.442320346132673,0.18687713621741,0.7,exactopt_vs_selected,0.00395232548945712,0.00540602409439501,0.2245,-0.00515053556011822,0.0128202068763893
-0.0105,0.438514022999162,0.188601547802758,0.5,file2_vs_file1,0.0105781726500139,0.00621175807053474,0.047,0.000170248111781376,0.0206950575241617
-0.0105,0.438514022999162,0.188601547802758,0.5,exactopt_vs_selected,0.00342776885140609,0.00458121619651624,0.22,-0.00429092769562943,0.0109537727741877
-0.0105,0.438514022999162,0.188601547802758,0.7,file2_vs_file1,0.0105847482560107,0.00675842439922148,0.0665,-0.000718433448930078,0.0215895146456231
-0.0105,0.438514022999162,0.188601547802758,0.7,exactopt_vs_selected,0.00343227332433684,0.00498587826790245,0.23975,-0.00496583358892729,0.0116151520718974
-0.01,0.43470769986565,0.190325959388106,0.5,file2_vs_file1,0.0100781726500139,0.00621175807053475,0.0555,-0.000329751888218627,0.0201950575241617
-0.01,0.43470769986565,0.190325959388106,0.5,exactopt_vs_selected,0.00294411519742196,0.00419541054680685,0.236,-0.0041211663233777,0.00983970275611975
-0.01,0.43470769986565,0.190325959388106,0.7,file2_vs_file1,0.0100847482560107,0.00675842439922148,0.07325,-0.00121843344893008,0.0210895146456231
-0.01,0.43470769986565,0.190325959388106,0.7,exactopt_vs_selected,0.00294825166856528,0.00456594498777129,0.253,-0.00474406799028793,0.0104467633003473
-0.0095,0.430901376732139,0.192050370973453,0.5,file2_vs_file1,0.00957817265001387,0.00621175807053475,0.069,-0.000829751888218625,0.0196950575241617
-0.0095,0.430901376732139,0.192050370973453,0.5,exactopt_vs_selected,0.00249644574973737,0.00380975442505026,0.25025,-0.00392179656799138,0.00875487022385605
-0.0095,0.430901376732139,0.192050370973453,0.7,file2_vs_file1,0.00958474825601074,0.00675842439922148,0.08225,-0.00171843344893008,0.0205895146456231
-0.0095,0.430901376732139,0.192050370973453,0.7,exactopt_vs_selected,0.00250021227460578,0.0041461835104617,0.26725,-0.00448347966724686,0.00931300025539881
-0.009,0.427095053598628,0.193774782558801,0.5,file2_vs_file1,0.00907817265001386,0.00621175807053475,0.075,-0.00132975188821863,0.0191950575241617
-0.009,0.427095053598628,0.193774782558801,0.5,exactopt_vs_selected,0.00208471615358864,0.00342421036857851,0.2655,-0.00368243864695799,0.0077115036871556
-0.009,0.427095053598628,0.193774782558801,0.7,file2_vs_file1,0.00908474825601073,0.00675842439922148,0.08975,-0.00221843344893008,0.0200895146456231
-0.009,0.427095053598628,0.193774782558801,0.7,exactopt_vs_selected,0.0020881107546483,0.00372655304707242,0.2825,-0.00418680912840666,0.00821404091085219
-0.0085,0.423288730465116,0.195499194144149,0.5,file2_vs_file1,0.00857817265001386,0.00621175807053475,0.08575,-0.00182975188821863,0.0186950575241617
-0.0085,0.423288730465116,0.195499194144149,0.5,exactopt_vs_selected,0.00170888590480024,0.00303874084457966,0.282,-0.00341004410493123,0.006699945182518
-0.0085,0.423288730465116,0.195499194144149,0.7,file2_vs_file1,0.00858474825601073,0.00675842439922148,0.1,-0.00271843344893007,0.0195895146456231
-0.0085,0.423288730465116,0.195499194144149,0.7,exactopt_vs_selected,0.00171190657058294,0.00330701273572275,0.29975,-0.0038609176118735,0.00714514830805245
-0.008,0.419482407331605,0.197223605729496,0.5,file2_vs_file1,0.00807817265001387,0.00621175807053475,0.09525,-0.00232975188821863,0.0181950575241617
-0.008,0.419482407331605,0.197223605729496,0.5,exactopt_vs_selected,0.0013689183426811,0.00265330822456453,0.301,-0.00309339823505784,0.00572382930995234
-0.008,0.419482407331605,0.197223605729496,0.7,file2_vs_file1,0.00808474825601074,0.00675842439922148,0.1125,-0.00321843344893008,0.0190895146456231
-0.008,0.419482407331605,0.197223605729496,0.7,exactopt_vs_selected,0.00137156302687493,0.00288752161374563,0.31375,-0.0034926142902002,0.00611692320530286
-0.0075,0.415676084198094,0.198948017314844,0.5,file2_vs_file1,0.00757817265001387,0.00621175807053475,0.1085,-0.00282975188821862,0.0176950575241617
-0.0075,0.415676084198094,0.198948017314844,0.5,exactopt_vs_selected,0.00106478064583509,0.00226787475863807,0.31525,-0.00274888381456546,0.00478211689568848
-0.0075,0.415676084198094,0.198948017314844,0.7,file2_vs_file1,0.00758474825601074,0.00675842439922148,0.12775,-0.00371843344893007,0.0185895146456231
-0.0075,0.415676084198094,0.198948017314844,0.7,exactopt_vs_selected,0.00106704726635268,0.00246803858967237,0.3305,-0.00308710837535649,0.00511701601891142
-0.007,0.411869761064582,0.200672428900192,0.5,file2_vs_file1,0.00707817265001387,0.00621175807053474,0.12375,-0.00332975188821862,0.0171950575241617
-0.007,0.411869761064582,0.200672428900192,0.5,exactopt_vs_selected,0.000796443830890139,0.00188240254952577,0.33375,-0.00236749565559378,0.00388015910832563
-0.007,0.411869761064582,0.200672428900192,0.7,file2_vs_file1,0.00708474825601074,0.00675842439922148,0.14425,-0.00421843344893007,0.0180895146456231
-0.007,0.411869761064582,0.200672428900192,0.7,exactopt_vs_selected,0.000798330268913088,0.00204852241495461,0.34525,-0.00264639063684452,0.00416005785357668
-0.0065,0.408063437931071,0.202396840485539,0.5,file2_vs_file1,0.00657817265001387,0.00621175807053475,0.141,-0.00382975188821862,0.0166950575241617
-0.0065,0.408063437931071,0.202396840485539,0.5,exactopt_vs_selected,0.000563882754157806,0.00149685352630887,0.3505,-0.00195063530964944,0.00301883218096534
-0.0065,0.408063437931071,0.202396840485539,0.7,file2_vs_file1,0.00658474825601074,0.00675842439922148,0.1625,-0.00471843344893007,0.0175895146456231
-0.0065,0.408063437931071,0.202396840485539,0.7,exactopt_vs_selected,0.000565386853156127,0.00162893165537324,0.364,-0.00217377675486984,0.00323482445175577
-0.006,0.40425711479756,0.204121252070887,0.5,file2_vs_file1,0.00607817265001386,0.00621175807053475,0.1615,-0.00432975188821863,0.0161950575241617
-0.006,0.40425711479756,0.204121252070887,0.5,exactopt_vs_selected,0.000367076116240758,0.00111118941782073,0.369,-0.00149804783007322,0.00218868046658265
-0.006,0.40425711479756,0.204121252070887,0.7,file2_vs_file1,0.00608474825601073,0.00675842439922148,0.1815,-0.00521843344893008,0.0170895146456231
-0.006,0.40425711479756,0.204121252070887,0.7,exactopt_vs_selected,0.000368195680965962,0.00120922466208267,0.381,-0.00166373664300059,0.00235012235332777
-0.0055,0.400450791664048,0.205845663656235,0.5,file2_vs_file1,0.00557817265001386,0.00621175807053474,0.18175,-0.00482975188821863,0.0156950575241617
-0.0055,0.400450791664048,0.205845663656235,0.5,exactopt_vs_selected,0.000206006469611906,0.000725371725656189,0.391,-0.00101063071619843,0.00139421999384072
-0.0055,0.400450791664048,0.205845663656235,0.7,file2_vs_file1,0.00558474825601073,0.00675842439922148,0.19975,-0.00571843344893008,0.0165895146456231
-0.0055,0.400450791664048,0.205845663656235,0.7,exactopt_vs_selected,0.000206739265062347,0.000789359542237643,0.40175,-0.00111845780252792,0.00150119959296629
-0.005,0.396644468530537,0.207570075241582,0.5,file2_vs_file1,0.00507817265001387,0.00621175807053475,0.2045,-0.00532975188821862,0.0151950575241617
-0.005,0.396644468530537,0.207570075241582,0.5,exactopt_vs_selected,8.06602291943674e-05,0.00033936169674373,0.41125,-0.000488868670469348,0.000635611757929286
-0.005,0.396644468530537,0.207570075241582,0.7,file2_vs_file1,0.00508474825601074,0.00675842439922148,0.2225,-0.00621843344893008,0.0160895146456231
-0.005,0.396644468530537,0.207570075241582,0.7,exactopt_vs_selected,8.10039795514082e-05,0.000369294129148327,0.417,-0.000538658909019243,0.000686210312150821
-0.0045,0.392838145397026,0.20929448682693,0.5,file2_vs_file1,0.00457817265001386,0.00621175807053474,0.22675,-0.00582975188821863,0.0146950575241617
-0.0045,0.392838145397026,0.20929448682693,0.5,exactopt_vs_selected,-8.97231402187818e-06,4.68797045705131e-05,0.57125,-8.56719280531455e-05,6.96757549280297e-05
-0.0045,0.392838145397026,0.20929448682693,0.7,file2_vs_file1,0.00458474825601073,0.00675842439922148,0.24425,-0.00671843344893008,0.0155895146456231
-0.0045,0.392838145397026,0.20929448682693,0.7,exactopt_vs_selected,-9.0199264883683e-06,5.10140480919425e-05,0.56375,-9.2520684792087e-05,7.65762770715459e-05
-0.004,0.389031822263514,0.211018898412278,0.5,file2_vs_file1,0.00407817265001386,0.00621175807053475,0.25375,-0.00632975188821863,0.0141950575241617
-0.004,0.389031822263514,0.211018898412278,0.5,exactopt_vs_selected,-6.28969762849398e-05,0.000433391824982176,0.55225,-0.000771542564687216,0.000663932124893847
-0.004,0.389031822263514,0.211018898412278,0.7,file2_vs_file1,0.00408474825601073,0.00675842439922148,0.272,-0.00721843344893008,0.0150895146456231
-0.004,0.389031822263514,0.211018898412278,0.7,exactopt_vs_selected,-6.33383123433177e-05,0.00047160779556635,0.549,-0.000834182002963232,0.000728006963378093
-0.0035,0.385225499130003,0.212743309997625,0.5,file2_vs_file1,0.00357817265001387,0.00621175807053475,0.2805,-0.00682975188821863,0.0136950575241617
-0.0035,0.385225499130003,0.212743309997625,0.5,exactopt_vs_selected,-8.11156612573466e-05,0.000820214351261368,0.53575,-0.00142142638865673,0.00129395642708625
-0.0035,0.385225499130003,0.212743309997625,0.7,file2_vs_file1,0.00358474825601074,0.00675842439922148,0.2955,-0.00771843344893007,0.0145895146456231
-0.0035,0.385225499130003,0.212743309997625,0.7,exactopt_vs_selected,-8.19531258747827e-05,0.000892530286114038,0.5335,-0.0015418726453881,0.00141516692635521
-0.003,0.381419175996492,0.214467721582973,0.5,file2_vs_file1,0.00307817265001387,0.00621175807053475,0.3095,-0.00732975188821862,0.0131950575241617
-0.003,0.381419175996492,0.214467721582973,0.5,exactopt_vs_selected,-6.36263370188618e-05,0.00120738734001747,0.518,-0.00203513130605898,0.00196013451156163
-0.003,0.381419175996492,0.214467721582973,0.7,file2_vs_file1,0.00308474825601074,0.00675842439922148,0.32075,-0.00821843344893007,0.0140895146456231
-0.003,0.381419175996492,0.214467721582973,0.7,exactopt_vs_selected,-6.48623805574993e-05,0.00131382509170245,0.517,-0.00221241356064936,0.0021381550240501
-0.0025,0.377612852862981,0.216192133168321,0.5,file2_vs_file1,0.00257817265001387,0.00621175807053474,0.3335,-0.00782975188821862,0.0126950575241617
-0.0025,0.377612852862981,0.216192133168321,0.5,exactopt_vs_selected,-1.04230098089189e-05,0.00159495124803755,0.50375,-0.00261310915337867,0.0026631639924038
-0.0025,0.377612852862981,0.216192133168321,0.7,file2_vs_file1,0.00258474825601074,0.00675842439922148,0.3495,-0.00871843344893007,0.0135895146456231
-0.0025,0.377612852862981,0.216192133168321,0.7,exactopt_vs_selected,-1.20601292593254e-05,0.00173553621641941,0.50325,-0.00284807240059875,0.00289699845538661
-0.002,0.373806529729469,0.217916544753668,0.5,file2_vs_file1,0.00207817265001387,0.00621175807053475,0.37,-0.00832975188821862,0.0121950575241617
-0.002,0.373806529729469,0.217916544753668,0.5,exactopt_vs_selected,7.85043055254786e-05,0.00198294696353413,0.484,-0.00315621878473759,0.00340050003731457
-0.002,0.373806529729469,0.217916544753668,0.7,file2_vs_file1,0.00208474825601074,0.00675842439922148,0.3815,-0.00921843344893007,0.0130895146456231
-0.002,0.373806529729469,0.217916544753668,0.7,exactopt_vs_selected,7.64635652716351e-05,0.0021577081304509,0.4865,-0.00344572225096713,0.00369559014376011
-0.0015,0.370000206595958,0.219640956339016,0.5,file2_vs_file1,0.00157817265001387,0.00621175807053474,0.40575,-0.00882975188821862,0.0116950575241617
-0.0015,0.370000206595958,0.219640956339016,0.5,exactopt_vs_selected,0.000203169618482805,0.00237141583815632,0.463,-0.0036619048006009,0.00417705221011312
-0.0015,0.370000206595958,0.219640956339016,0.7,file2_vs_file1,0.00158474825601074,0.00675842439922148,0.413,-0.00971843344893007,0.0125895146456231
-0.0015,0.370000206595958,0.219640956339016,0.7,exactopt_vs_selected,0.000200722663318965,0.00258038580488518,0.466,-0.00400893283180449,0.00452531857361912
-0.000999999999999997,0.366193883462447,0.221365367924364,0.5,file2_vs_file1,0.00107817265001387,0.00621175807053475,0.4375,-0.00932975188821861,0.0111950575241617
-0.000999999999999997,0.366193883462447,0.221365367924364,0.5,exactopt_vs_selected,0.00036359099932956,0.00276039971992724,0.4405,-0.00413703667332691,0.00498662229826713
-0.000999999999999997,0.366193883462447,0.221365367924364,0.7,file2_vs_file1,0.00108474825601074,0.00675842439922148,0.4435,-0.0102184334489301,0.0120895146456231
-0.000999999999999997,0.366193883462447,0.221365367924364,0.7,exactopt_vs_selected,0.000360735184577304,0.00300361474752055,0.44525,-0.00453546565459491,0.00539527190546617
-0.000499999999999997,0.362387560328935,0.223089779509712,0.5,file2_vs_file1,0.000578172650013869,0.00621175807053475,0.46825,-0.00982975188821862,0.0106950575241617
-0.000499999999999997,0.362387560328935,0.223089779509712,0.5,exactopt_vs_selected,0.000559790619089891,0.0031499409871555,0.423,-0.00457454146568688,0.00583172577453532
-0.000499999999999997,0.362387560328935,0.223089779509712,0.7,file2_vs_file1,0.00058474825601074,0.00675842439922148,0.47025,-0.0107184334489301,0.0115895146456231
-0.000499999999999997,0.362387560328935,0.223089779509712,0.7,exactopt_vs_selected,0.000556523248096651,0.00342744103972867,0.42875,-0.00503068008787,0.00629839199742083
0,0.358581237195424,0.224814191095059,0.5,file2_vs_file1,7.81726500138713e-05,0.00621175807053475,0.49575,-0.0103297518882186,0.0101950575241617
0,0.358581237195424,0.224814191095059,0.5,exactopt_vs_selected,0.000869967443215894,0.00267239258529567,0.3755,-0.00361998402213562,0.00521955603231341
0,0.358581237195424,0.224814191095059,0.7,file2_vs_file1,8.47482560107423e-05,0.00675842439922148,0.496,-0.0112184334489301,0.0110895146456231
0,0.358581237195424,0.224814191095059,0.7,exactopt_vs_selected,0.000872861371901972,0.00290729742058223,0.386,-0.00400352181272257,0.00560573426875256
5e-04,0.354774914061913,0.226538602680407,0.5,file2_vs_file1,-0.000421827349986126,0.00621175807053475,0.53,-0.0108297518882186,0.00969505752416167
5e-04,0.354774914061913,0.226538602680407,0.5,exactopt_vs_selected,0.000637806678965981,0.00228157045713955,0.394,-0.00319537921901885,0.00435198188675677
5e-04,0.354774914061913,0.226538602680407,0.7,file2_vs_file1,-0.000415251743989255,0.00675842439922148,0.52675,-0.0117184334489301,0.0105895146456231
5e-04,0.354774914061913,0.226538602680407,0.7,exactopt_vs_selected,0.000640283496334148,0.00248209561723268,0.40425,-0.00352690758421263,0.00468024659072611
0.001,0.350968590928401,0.228263014265755,0.5,file2_vs_file1,-0.000921827349986124,0.00621175807053475,0.5645,-0.0113297518882186,0.00919505752416168
0.001,0.350968590928401,0.228263014265755,0.5,exactopt_vs_selected,0.000441515726818459,0.00189003686734929,0.41475,-0.00273374359138073,0.00351723525680385
0.001,0.350968590928401,0.228263014265755,0.7,file2_vs_file1,-0.000915251743989253,0.00675842439922148,0.561,-0.0122184334489301,0.0100895146456231
0.001,0.350968590928401,0.228263014265755,0.7,exactopt_vs_selected,0.000443572571392358,0.00205612878912983,0.4215,-0.00301091124213668,0.00378998693399492
0.0015,0.34716226779489,0.229987425851102,0.5,file2_vs_file1,-0.00142182734998613,0.00621175807053475,0.5965,-0.0118297518882186,0.00869505752416168
0.0015,0.34716226779489,0.229987425851102,0.5,exactopt_vs_selected,0.000281133635772447,0.00149774675579362,0.4315,-0.00223497008670029,0.00271772227450673
0.0015,0.34716226779489,0.229987425851102,0.7,file2_vs_file1,-0.00141525174398926,0.00675842439922148,0.589,-0.0127184334489301,0.00958951464562308
0.0015,0.34716226779489,0.229987425851102,0.7,exactopt_vs_selected,0.00028276758799247,0.00162934794817321,0.437,-0.00245458173722869,0.00293566181892187
0.002,0.343355944661379,0.23171183743645,0.5,file2_vs_file1,-0.00192182734998613,0.00621175807053475,0.624,-0.0123297518882186,0.00819505752416168
0.002,0.343355944661379,0.23171183743645,0.5,exactopt_vs_selected,0.000156703812884409,0.00110465433452267,0.44825,-0.00169894620228743,0.00195346341173323
0.002,0.343355944661379,0.23171183743645,0.7,file2_vs_file1,-0.00191525174398926,0.00675842439922148,0.616,-0.0132184334489301,0.00908951464562309
0.002,0.343355944661379,0.23171183743645,0.7,exactopt_vs_selected,0.000157911893442632,0.00120170331791578,0.45375,-0.00186089819219256,0.00211296348379041
0.0025,0.339549621527867,0.233436249021798,0.5,file2_vs_file1,-0.00242182734998613,0.00621175807053475,0.64925,-0.0128297518882186,0.00769505752416168
0.0025,0.339549621527867,0.233436249021798,0.5,exactopt_vs_selected,6.82740871079097e-05,0.000710713046076197,0.466,-0.00112558229867057,0.00122405190540342
0.0025,0.339549621527867,0.233436249021798,0.7,file2_vs_file1,-0.00241525174398926,0.00675842439922148,0.6385,-0.0137184334489301,0.00858951464562308
0.0025,0.339549621527867,0.233436249021798,0.7,exactopt_vs_selected,6.90532552223045e-05,0.000773144288260778,0.4685,-0.00122973646975819,0.0013266976834307
0.003,0.335743298394356,0.235160660607145,0.5,file2_vs_file1,-0.00292182734998613,0.00621175807053475,0.67475,-0.0133297518882186,0.00719505752416168
0.003,0.335743298394356,0.235160660607145,0.5,exactopt_vs_selected,1.58967776140439e-05,0.000315875520186219,0.4825,-0.000514501611386567,0.000528758355407679
0.003,0.335743298394356,0.235160660607145,0.7,file2_vs_file1,-0.00291525174398925,0.00675842439922148,0.664,-0.0142184334489301,0.00808951464562308
0.003,0.335743298394356,0.235160660607145,0.7,exactopt_vs_selected,1.62439292388922e-05,0.000343619368416587,0.48275,-0.000560983925773502,0.000575089271370408
0.0035,0.331936975260845,0.236885072192493,0.5,file2_vs_file1,-0.00342182734998612,0.00621175807053475,0.702,-0.0138297518882186,0.00669505752416168
0.0035,0.331936975260845,0.236885072192493,0.5,exactopt_vs_selected,-3.71233232114769e-07,7.99064712361138e-05,0.5005,-0.000130126477493175,0.000133735092101184
0.0035,0.331936975260845,0.236885072192493,0.7,file2_vs_file1,-0.00341525174398925,0.00675842439922148,0.68625,-0.0147184334489301,0.00758951464562308
0.0035,0.331936975260845,0.236885072192493,0.7,exactopt_vs_selected,-4.59267262863069e-07,8.69238620096266e-05,0.502,-0.000141717872958271,0.00014553347794829
0.004,0.328130652127333,0.238609483777841,0.5,file2_vs_file1,-0.00392182734998613,0.00621175807053475,0.72875,-0.0143297518882186,0.00619505752416168
0.004,0.328130652127333,0.238609483777841,0.5,exactopt_vs_selected,1.95315779504731e-05,0.000476682060946611,0.47925,-0.000754373867077145,0.000819255590881852
0.004,0.328130652127333,0.238609483777841,0.7,file2_vs_file1,-0.00391525174398925,0.00675842439922148,0.711,-0.0152184334489301,0.00708951464562308
0.004,0.328130652127333,0.238609483777841,0.7,exactopt_vs_selected,1.90051220506163e-05,0.000518538803907147,0.48125,-0.000822679980467932,0.000889398079883271
0.0045,0.324324328993822,0.240333895363188,0.5,file2_vs_file1,-0.00442182734998612,0.00621175807053475,0.758,-0.0148297518882186,0.00569505752416168
0.0045,0.324324328993822,0.240333895363188,0.5,exactopt_vs_selected,7.56714584297618e-05,0.000874501335171943,0.462,-0.00134322545879855,0.00154236091537038
0.0045,0.324324328993822,0.240333895363188,0.7,file2_vs_file1,-0.00441525174398925,0.00675842439922148,0.73725,-0.0157184334489301,0.00658951464562309
0.0045,0.324324328993822,0.240333895363188,0.7,exactopt_vs_selected,7.4703275398566e-05,0.000951279891681216,0.465,-0.00147004052375704,0.00167089575575768
0.005,0.320518005860311,0.242058306948536,0.5,file2_vs_file1,-0.00492182734998612,0.00621175807053475,0.7835,-0.0153297518882186,0.00519505752416169
0.005,0.320518005860311,0.242058306948536,0.5,exactopt_vs_selected,0.000168119467499531,0.0012734153845044,0.4415,-0.00189741112377547,0.0023030766848311
0.005,0.320518005860311,0.242058306948536,0.7,file2_vs_file1,-0.00491525174398925,0.00675842439922148,0.763,-0.0162184334489301,0.00608951464562309
0.005,0.320518005860311,0.242058306948536,0.7,exactopt_vs_selected,0.000166706180946813,0.00138520264854138,0.447,-0.00208132736106156,0.0024901077205866
0.00550000000000001,0.316711682726799,0.243782718533884,0.5,file2_vs_file1,-0.00542182734998613,0.00621175807053475,0.8055,-0.0158297518882186,0.00469505752416168
0.00550000000000001,0.316711682726799,0.243782718533884,0.5,exactopt_vs_selected,0.000296951570121698,0.00167347635702944,0.426,-0.00241775323919827,0.00310155159645853
0.00550000000000001,0.316711682726799,0.243782718533884,0.7,file2_vs_file1,-0.00541525174398926,0.00675842439922148,0.78525,-0.0167184334489301,0.00558951464562308
0.00550000000000001,0.316711682726799,0.243782718533884,0.7,exactopt_vs_selected,0.000295089730368029,0.00182036374421282,0.43225,-0.00265764049383181,0.00334746492778329
0.00600000000000001,0.312905359593288,0.245507130119231,0.5,file2_vs_file1,-0.00592182734998613,0.00621175807053475,0.82675,-0.0163297518882186,0.00419505752416168
0.00600000000000001,0.312905359593288,0.245507130119231,0.5,exactopt_vs_selected,0.000462248736324817,0.00207473751383706,0.40825,-0.00290368903888776,0.00393796529983926
0.00600000000000001,0.312905359593288,0.245507130119231,0.7,file2_vs_file1,-0.00591525174398926,0.00675842439922148,0.8065,-0.0172184334489301,0.00508951464562308
0.00600000000000001,0.312905359593288,0.245507130119231,0.7,exactopt_vs_selected,0.000459934818153847,0.00225682105523464,0.4165,-0.00320094542627044,0.00424269362454286
0.0065,0.309099036459777,0.247231541704579,0.5,file2_vs_file1,-0.00642182734998611,0.00621175807053475,0.842,-0.0168297518882186,0.00369505752416169
0.0065,0.309099036459777,0.247231541704579,0.5,exactopt_vs_selected,0.00066409704663076,0.0024772532870807,0.39225,-0.00335521397781213,0.00481234919179293
0.0065,0.309099036459777,0.247231541704579,0.7,file2_vs_file1,-0.00641525174398924,0.00675842439922148,0.8255,-0.0177184334489301,0.0045895146456231
0.0065,0.309099036459777,0.247231541704579,0.7,exactopt_vs_selected,0.000661327446950566,0.00269463372802304,0.39825,-0.00371015691992831,0.00517614890152148
0.007,0.305292713326265,0.248955953289927,0.5,file2_vs_file1,-0.00692182734998612,0.00621175807053475,0.8655,-0.0173297518882186,0.00319505752416168
0.007,0.305292713326265,0.248955953289927,0.5,exactopt_vs_selected,0.000902587803801009,0.00288107934075383,0.3765,-0.00377235645749581,0.00572547873847806
0.007,0.305292713326265,0.248955953289927,0.7,file2_vs_file1,-0.00691525174398925,0.00675842439922148,0.83925,-0.0182184334489301,0.00408951464562308
0.007,0.305292713326265,0.248955953289927,0.7,exactopt_vs_selected,0.000899358839209585,0.00313386224488388,0.3855,-0.00418514114285345,0.00614800791072321
0.0075,0.301486390192754,0.250680364875274,0.5,file2_vs_file1,-0.00742182734998612,0.00621175807053475,0.88275,-0.0178297518882186,0.00269505752416169
0.0075,0.301486390192754,0.250680364875274,0.5,exactopt_vs_selected,0.00117781765122128,0.0032862726343833,0.36,-0.00415499638978199,0.00667723420010545
0.0075,0.301486390192754,0.250680364875274,0.7,file2_vs_file1,-0.00741525174398925,0.00675842439922148,0.861,-0.0187184334489301,0.00358951464562309
0.0075,0.301486390192754,0.250680364875274,0.7,exactopt_vs_selected,0.00117412555547101,0.00357456849319129,0.371,-0.00462669589138101,0.00715832949189272
0.008,0.297680067059243,0.252404776460622,0.5,file2_vs_file1,-0.00792182734998612,0.00621175807053475,0.8965,-0.0183297518882186,0.00219505752416169
0.008,0.297680067059243,0.252404776460622,0.5,exactopt_vs_selected,0.00148988869824515,0.00369289148979822,0.34625,-0.00450243062641663,0.00767644737680865
0.008,0.297680067059243,0.252404776460622,0.7,file2_vs_file1,-0.00791525174398925,0.00675842439922148,0.87825,-0.0192184334489301,0.00308951464562309
0.008,0.297680067059243,0.252404776460622,0.7,exactopt_vs_selected,0.00148572961960072,0.0040168158379039,0.35675,-0.00503240955346531,0.00820837552251776
0.0085,0.293873743925731,0.25412918804597,0.5,file2_vs_file1,-0.00842182734998612,0.00621175807053475,0.91,-0.0188297518882186,0.00169505752416168
0.0085,0.293873743925731,0.25412918804597,0.5,exactopt_vs_selected,0.00183890865289194,0.00410099566126682,0.33275,-0.00481408609011127,0.00869960033617468
0.0085,0.293873743925731,0.25412918804597,0.7,file2_vs_file1,-0.00841525174398925,0.00675842439922148,0.89175,-0.0197184334489301,0.00258951464562309
0.0085,0.293873743925731,0.25412918804597,0.7,exactopt_vs_selected,0.00183427865137583,0.00446066919773752,0.3455,-0.00540436350256073,0.00930667864525465
0.009,0.29006742079222,0.255853599631317,0.5,file2_vs_file1,-0.00892182734998612,0.00621175807053475,0.92325,-0.0193297518882186,0.00119505752416169
0.009,0.29006742079222,0.255853599631317,0.5,exactopt_vs_selected,0.00222499096225024,0.00451064640913958,0.3175,-0.00508973770283355,0.00977235882531255
0.009,0.29006742079222,0.255853599631317,0.7,file2_vs_file1,-0.00891525174398925,0.00675842439922148,0.903,-0.0202184334489301,0.0020895146456231
0.009,0.29006742079222,0.255853599631317,0.7,exactopt_vs_selected,0.0022198860067696,0.00490619512514312,0.332,-0.00573631198437923,0.0104311275976192
0.0095,0.286261097658709,0.257578011216665,0.5,file2_vs_file1,-0.00942182734998612,0.00621175807053475,0.9345,-0.0198297518882186,0.000695057524161685
0.0095,0.286261097658709,0.257578011216665,0.5,exactopt_vs_selected,0.00264825496103467,0.00492190657731333,0.30325,-0.00533300584204543,0.0108948004326751
0.0095,0.286261097658709,0.257578011216665,0.7,file2_vs_file1,-0.00941525174398925,0.00675842439922148,0.91675,-0.0207184334489301,0.00158951464562309
0.0095,0.286261097658709,0.257578011216665,0.7,exactopt_vs_selected,0.00264267092638284,0.0053534618904327,0.3175,-0.00603890235670013,0.0116026440716173
0.01,0.282454774525197,0.259302422802013,0.5,file2_vs_file1,-0.00992182734998611,0.00621175807053475,0.94575,-0.0203297518882186,0.00019505752416169
0.01,0.282454774525197,0.259302422802013,0.5,exactopt_vs_selected,0.0031088260287356,0.00533484067475528,0.28825,-0.00553965464014228,0.0120585313281313
0.01,0.282454774525197,0.259302422802013,0.7,file2_vs_file1,-0.00991525174398924,0.00675842439922148,0.9285,-0.0212184334489301,0.0010895146456231
0.01,0.282454774525197,0.259302422802013,0.7,exactopt_vs_selected,0.0031027586924612,0.00580253957031217,0.30425,-0.00630703672539548,0.0128212507430391
0.0105,0.278648451391686,0.26102683438736,0.5,file2_vs_file1,-0.0104218273499861,0.00621175807053475,0.9555,-0.0208297518882186,-0.00030494247583831
0.0105,0.278648451391686,0.26102683438736,0.5,exactopt_vs_selected,0.00360683575585026,0.00574951496138069,0.27475,-0.00571173711135871,0.01324324047474
0.0105,0.278648451391686,0.26102683438736,0.7,file2_vs_file1,-0.0104152517439892,0.00675842439922148,0.93675,-0.0217184334489301,0.000589514645623096
0.0105,0.278648451391686,0.26102683438736,0.7,exactopt_vs_selected,0.00360028079498633,0.00625350014114039,0.2915,-0.00653810973435735,0.0140874338420917
0.011,0.274842128258175,0.262751245972708,0.5,file2_vs_file1,-0.0109218273499861,0.00621175807053474,0.9635,-0.0213297518882186,-0.000804942475838318
0.011,0.274842128258175,0.262751245972708,0.5,exactopt_vs_selected,0.0041424221197184,0.00616599753859453,0.259,-0.00584880837337924,0.0144705186609065
0.011,0.274842128258175,0.262751245972708,0.7,file2_vs_file1,-0.0109152517439892,0.00675842439922148,0.94825,-0.0222184334489301,8.95146456230907e-05
0.011,0.274842128258175,0.262751245972708,0.7,exactopt_vs_selected,0.00413537510736338,0.00670641757725099,0.27825,-0.00673478636637341,0.0153809056099551
0.0115,0.271035805124663,0.264475657558056,0.5,file2_vs_file1,-0.0114218273499861,0.00621175807053474,0.97,-0.0218297518882186,-0.00130494247583831
0.0115,0.271035805124663,0.264475657558056,0.5,exactopt_vs_selected,0.00471572967052739,0.00658435844483308,0.24225,-0.00595082319286408,0.0157552617218507
0.0115,0.271035805124663,0.264475657558056,0.7,file2_vs_file1,-0.0114152517439892,0.00675842439922148,0.95725,-0.0227184334489301,-0.000410485354376907
0.0115,0.271035805124663,0.264475657558056,0.7,exactopt_vs_selected,0.00470818607226934,0.00716136795470228,0.264,-0.00689663638329183,0.0167009171972986
0.012,0.267229481991152,0.266200069143403,0.5,file2_vs_file1,-0.0119218273499861,0.00621175807053475,0.97425,-0.0223297518882186,-0.00180494247583831
0.012,0.267229481991152,0.266200069143403,0.5,exactopt_vs_selected,0.00532690972809473,0.00700466975646851,0.22725,-0.00601756088059063,0.0170715520621477
0.012,0.267229481991152,0.266200069143403,0.7,file2_vs_file1,-0.0119152517439892,0.00675842439922148,0.96425,-0.0232184334489301,-0.000910485354376904
0.012,0.267229481991152,0.266200069143403,0.7,exactopt_vs_selected,0.0053188648982695,0.00761842956084886,0.24975,-0.00702361954112378,0.0180892348647062
0.0125,0.263423158857641,0.267924480728751,0.5,file2_vs_file1,-0.0124218273499861,0.00621175807053474,0.979,-0.0228297518882186,-0.00230494247583832
0.0125,0.263423158857641,0.267924480728751,0.5,exactopt_vs_selected,0.00597612059008492,0.00742700569446951,0.21325,-0.00604002500157038,0.01842498594519
0.0125,0.263423158857641,0.267924480728751,0.7,file2_vs_file1,-0.0124152517439892,0.00675842439922148,0.97,-0.0237184334489301,-0.00141048535437691
0.0125,0.263423158857641,0.267924480728751,0.7,exactopt_vs_selected,0.00596756976785836,0.00807768301016236,0.23375,-0.00711569182023842,0.0195134255463574
0.013,0.259616835724129,0.269648892314099,0.5,file2_vs_file1,-0.0129218273499861,0.00621175807053475,0.98375,-0.0233297518882186,-0.00280494247583831
0.013,0.259616835724129,0.269648892314099,0.5,exactopt_vs_selected,0.00666352775236972,0.00785144273724417,0.20075,-0.00603252806196804,0.0198294509805749
0.013,0.259616835724129,0.269648892314099,0.7,file2_vs_file1,-0.0129152517439892,0.00675842439922148,0.97325,-0.0242184334489301,-0.0019104853543769
0.013,0.259616835724129,0.269648892314099,0.7,exactopt_vs_selected,0.00665446605763324,0.00853921136676334,0.22125,-0.00716885297395622,0.0209639609995115
0.0135,0.255810512590618,0.271373303899446,0.5,file2_vs_file1,-0.0134218273499861,0.00621175807053475,0.9865,-0.0238297518882186,-0.00330494247583831
0.0135,0.255810512590618,0.271373303899446,0.5,exactopt_vs_selected,0.00738930414230318,0.00827805974013433,0.18775,-0.00600604771552332,0.0212693448589841
0.0135,0.255810512590618,0.271373303899446,0.7,file2_vs_file1,-0.0134152517439892,0.00675842439922148,0.97875,-0.0247184334489301,-0.00241048535437691
0.0135,0.255810512590618,0.271373303899446,0.7,exactopt_vs_selected,0.00737972657137127,0.00900310027417487,0.2085,-0.00717269998327712,0.0224771709694948
0.014,0.252004189457107,0.273097715484794,0.5,file2_vs_file1,-0.0139218273499861,0.00621175807053475,0.98925,-0.0243297518882186,-0.0038049424758383
0.014,0.252004189457107,0.273097715484794,0.5,exactopt_vs_selected,0.00815363036571901,0.00870693806203163,0.176,-0.00595571225685215,0.0227520447754542
0.014,0.252004189457107,0.273097715484794,0.7,file2_vs_file1,-0.0139152517439892,0.00675842439922148,0.983,-0.0252184334489301,-0.0029104853543769
0.014,0.252004189457107,0.273097715484794,0.7,exactopt_vs_selected,0.00814353178681644,0.00946943809280696,0.19675,-0.00718024903538504,0.0240213434442113
0.0145,0.248197866323595,0.274822127070142,0.5,file2_vs_file1,-0.0144218273499861,0.00621175807053475,0.991,-0.0248297518882186,-0.00430494247583831
0.0145,0.248197866323595,0.274822127070142,0.5,exactopt_vs_selected,0.00895669496858971,0.00913816169972493,0.16775,-0.00584312371625914,0.0242835582294138
0.0145,0.248197866323595,0.274822127070142,0.7,file2_vs_file1,-0.0144152517439892,0.00675842439922148,0.98525,-0.0257184334489301,-0.0034104853543769
0.0145,0.248197866323595,0.274822127070142,0.7,exactopt_vs_selected,0.00894607011711526,0.00993831604583543,0.1855,-0.00715312813490426,0.0256092541870796
0.015,0.244391543190084,0.276546538655489,0.5,file2_vs_file1,-0.0149218273499861,0.00621175807053475,0.99275,-0.0253297518882186,-0.0048049424758383
0.015,0.244391543190084,0.276546538655489,0.5,exactopt_vs_selected,0.0097986947142723,0.00957181743050201,0.15675,-0.00568079835962003,0.0258664245083267
0.015,0.244391543190084,0.276546538655489,0.7,file2_vs_file1,-0.0149152517439892,0.00675842439922148,0.988,-0.02621843344893,-0.00391048535437689
0.015,0.244391543190084,0.276546538655489,0.7,exactopt_vs_selected,0.00978753818782477,0.0104098283740416,0.17475,-0.00707463869268775,0.027244328624931
0.0155,0.240585220056573,0.278270950240837,0.5,file2_vs_file1,-0.0154218273499861,0.00621175807053475,0.99425,-0.0258297518882186,-0.0053049424758383
0.0155,0.240585220056573,0.278270950240837,0.5,exactopt_vs_selected,0.0106798348774256,0.0100079949636985,0.1475,-0.00549462220767194,0.0274890642640524
0.0155,0.240585220056573,0.278270950240837,0.7,file2_vs_file1,-0.0154151962572873,0.00675833641927761,0.9905,-0.02671843344893,-0.00441048535437689
0.0155,0.240585220056573,0.278270950240837,0.7,exactopt_vs_selected,0.0106680476187697,0.0108838945668701,0.16775,-0.00693856127796582,0.0289361819234071
0.016,0.236778896923061,0.279995361826185,0.5,file2_vs_file1,-0.0159218273499861,0.00621175807053475,0.995,-0.0263297518882186,-0.0058049424758383
0.016,0.236778896923061,0.279995361826185,0.5,exactopt_vs_selected,0.0116003295557311,0.0104467871018831,0.13875,-0.00527785838233085,0.0291160115995282
0.016,0.236778896923061,0.279995361826185,0.7,file2_vs_file1,-0.0159151175775381,0.00675821478633521,0.99175,-0.02721843344893,-0.00491048535437689
0.016,0.236778896923061,0.279995361826185,0.7,exactopt_vs_selected,0.0115878566081552,0.0113607033544483,0.1575,-0.0067743331242762,0.030671557134831
0.0165,0.23297257378955,0.281719773411532,0.5,file2_vs_file1,-0.0164218273499861,0.00621175807053475,0.99625,-0.0268297518882186,-0.00630494247583831
0.0165,0.23297257378955,0.281719773411532,0.5,exactopt_vs_selected,0.0125604020006632,0.0108882899124585,0.12775,-0.00501984990148715,0.0308279330273957
0.0165,0.23297257378955,0.281719773411532,0.7,file2_vs_file1,-0.0164150388977889,0.0067580968152557,0.9935,-0.0277184334489301,-0.00541048535437691
0.0165,0.23297257378955,0.281719773411532,0.7,exactopt_vs_selected,0.0125472254484481,0.0118404310064258,0.149,-0.00658445267668097,0.0324067046912673
0.017,0.229166250656039,0.28344418499688,0.5,file2_vs_file1,-0.0169218273499861,0.00621175807053474,0.99675,-0.0273297518882186,-0.0068049424758383
0.017,0.229166250656039,0.28344418499688,0.5,exactopt_vs_selected,0.0135602849686598,0.0113326029105196,0.11625,-0.00471570525563124,0.0325704664286225
0.017,0.229166250656039,0.28344418499688,0.7,file2_vs_file1,-0.0169149602180397,0.00675798250623086,0.99425,-0.0282184334489301,-0.00591048535437689
0.017,0.229166250656039,0.28344418499688,0.7,exactopt_vs_selected,0.0135463865827327,0.0123231858858768,0.14175,-0.00635464236284611,0.0342200458477218
0.0175,0.225359927522527,0.285168596582228,0.5,file2_vs_file1,-0.0174218273499861,0.00621175807053475,0.9975,-0.0278297518882186,-0.0073049424758383
0.0175,0.225359927522527,0.285168596582228,0.5,exactopt_vs_selected,0.0146002210941572,0.0117798292538456,0.109,-0.00437838861269821,0.0343847451359425
0.0175,0.225359927522527,0.285168596582228,0.7,file2_vs_file1,-0.0174148815382905,0.00675787185944651,0.995,-0.02871843344893,-0.00641048535437689
0.0175,0.225359927522527,0.285168596582228,0.7,exactopt_vs_selected,0.0145855823194575,0.0128090803081263,0.13125,-0.0060791903201331,0.0360719373822881
0.018,0.221553604389016,0.286893008167576,0.5,file2_vs_file1,-0.0179217770088064,0.00621167766935646,0.99825,-0.0283297518882186,-0.0078049424758383
0.018,0.221553604389016,0.286893008167576,0.5,exactopt_vs_selected,0.0156803590319467,0.0122298720698955,0.101,-0.00400500713527204,0.0362462973993573
0.018,0.221553604389016,0.286893008167576,0.7,file2_vs_file1,-0.0179148028585413,0.0067577648750825,0.99625,-0.0292184334489301,-0.0069104853543769
0.018,0.221553604389016,0.286893008167576,0.7,exactopt_vs_selected,0.0156650652283052,0.0132982307666907,0.122,-0.00576412434619433,0.0380001156487131
0.0185,0.217747281255505,0.288617419752923,0.5,file2_vs_file1,-0.0184216983290572,0.00621155527437687,0.999,-0.0288297518882186,-0.0083049424758383
0.0185,0.217747281255505,0.288617419752923,0.5,exactopt_vs_selected,0.0168009977400218,0.0126829165664088,0.0945,-0.00359253184839251,0.038153838933175
0.0185,0.217747281255505,0.288617419752923,0.7,file2_vs_file1,-0.0184146871352558,0.00675755569674032,0.99675,-0.02971843344893,-0.00741048535437689
0.0185,0.217747281255505,0.288617419752923,0.7,exactopt_vs_selected,0.0167850189133982,0.0137905210834684,0.113,-0.00541727072473727,0.0399188993335869
0.019,0.213940958121993,0.290341831338271,0.5,file2_vs_file1,-0.018921619649308,0.00621143686350591,0.9995,-0.0293297518882186,-0.00880494247583831
0.019,0.213940958121993,0.290341831338271,0.5,exactopt_vs_selected,0.0179624682622309,0.0131391899239804,0.08675,-0.00314263589322424,0.0400919601096227
0.019,0.213940958121993,0.290341831338271,0.7,file2_vs_file1,-0.0189145297757574,0.00675723388362238,0.9975,-0.0302184334489301,-0.0079104853543769
0.019,0.213940958121993,0.290341831338271,0.7,exactopt_vs_selected,0.0179456986372937,0.0142860255785516,0.10625,-0.00503092808090569,0.0419686931116165
0.0195,0.210134634988482,0.292066242923618,0.5,file2_vs_file1,-0.0194215409695588,0.00621132243697141,0.9995,-0.0298297518882186,-0.0093049424758383
0.0195,0.210134634988482,0.292066242923618,0.5,exactopt_vs_selected,0.0191650567939951,0.0135988124506763,0.081,-0.00266747707513679,0.0420669253978375
0.0195,0.210134634988482,0.292066242923618,0.7,file2_vs_file1,-0.019414372416259,0.00675691938272765,0.998,-0.0307184334489301,-0.0084104853543769
0.0195,0.210134634988482,0.292066242923618,0.7,exactopt_vs_selected,0.0191474764406019,0.01478513368949,0.0995,-0.00460732941839264,0.0440423839360289
0.02,0.206328311854971,0.293790654508966,0.5,file2_vs_file1,-0.0199214622898096,0.00621121199499361,0.9995,-0.0303297518882186,-0.0098049424758383
0.02,0.206328311854971,0.293790654508966,0.5,exactopt_vs_selected,0.0204090616559893,0.014061909292629,0.07225,-0.00214285758848627,0.0440805789877978
0.02,0.206328311854971,0.293790654508966,0.7,file2_vs_file1,-0.0199142150567605,0.00675661219507715,0.9985,-0.0312184334489301,-0.0089104853543769
0.02,0.206328311854971,0.293790654508966,0.7,exactopt_vs_selected,0.020390650246291,0.0152879815471188,0.09225,-0.00415899384059527,0.0461380065344365
0.0205,0.202521988721459,0.295515066094314,0.5,file2_vs_file1,-0.0204213836100603,0.00621110553778503,0.99975,-0.0308297518882186,-0.0103049424758383
0.0205,0.202521988721459,0.295515066094314,0.5,exactopt_vs_selected,0.0216947938373654,0.0145286107270039,0.06525,-0.00160570444916596,0.0461778976269163
0.0205,0.202521988721459,0.295515066094314,0.7,file2_vs_file1,-0.0204140576972621,0.00675631232166844,0.99925,-0.0317184334489301,-0.00941048535437689
0.0205,0.202521988721459,0.295515066094314,0.7,exactopt_vs_selected,0.021675530628596,0.0157947108487738,0.0865,-0.00366197577535148,0.0482668735653633
0.021,0.198715665587948,0.297239477679661,0.5,file2_vs_file1,-0.0209212341395785,0.00621080132502608,0.99975,-0.0313297518882186,-0.0108049424758383
0.021,0.198715665587948,0.297239477679661,0.5,exactopt_vs_selected,0.0230223965424939,0.0149985130255628,0.06,-0.00102751368567662,0.048238323675972
0.021,0.198715665587948,0.297239477679661,0.7,file2_vs_file1,-0.0209137621466144,0.00675567963511752,0.9995,-0.03221843344893,-0.00991048535437689
0.021,0.198715665587948,0.297239477679661,0.7,exactopt_vs_selected,0.0230020879956128,0.0163045472309622,0.08075,-0.00315187641481484,0.0504461267970858
0.0215,0.194909342454437,0.298963889265009,0.5,file2_vs_file1,-0.0214210767800801,0.00621048238610173,1,-0.0318297518882186,-0.0113049424758383
0.0215,0.194909342454437,0.298963889265009,0.5,exactopt_vs_selected,0.0243923561970707,0.0154722092146929,0.0545,-0.000387115252228633,0.0503652817756285
0.0215,0.194909342454437,0.298963889265009,0.7,file2_vs_file1,-0.0214133269881949,0.00675473727449231,0.9995,-0.03271843344893,-0.0104104853543769
0.0215,0.194909342454437,0.298963889265009,0.7,exactopt_vs_selected,0.0243706214816333,0.0168176062308724,0.0725,-0.00260595524443985,0.0526653954924388
0.022,0.191103019320925,0.300688300850357,0.5,file2_vs_file1,-0.0219209194205816,0.0062101714034713,1,-0.0323297518882186,-0.0118049424758383
0.022,0.191103019320925,0.300688300850357,0.5,exactopt_vs_selected,0.025805044749887,0.015949905975119,0.0485,0.000278033468084143,0.052565280331161
0.022,0.191103019320925,0.300688300850357,0.7,file2_vs_file1,-0.021912716760265,0.00675341439877706,0.99975,-0.03321843344893,-0.0109104853543769
0.022,0.191103019320925,0.300688300850357,0.7,exactopt_vs_selected,0.0257813507159708,0.0173337512679019,0.06675,-0.00199395125818197,0.05490280471598
0.0225,0.187296696187414,0.302412712435705,0.5,file2_vs_file1,-0.0224207620610832,0.00620986837833011,1,-0.0328297518882186,-0.0123049424758383
0.0225,0.187296696187414,0.302412712435705,0.5,exactopt_vs_selected,0.0272608298615178,0.0164317578909827,0.045,0.000948746368570126,0.0548519213854246
0.0225,0.187296696187414,0.302412712435705,0.7,file2_vs_file1,-0.022412006074113,0.00675188853691897,0.99975,-0.03371843344893,-0.0114104853543769
0.0225,0.187296696187414,0.302412712435705,0.7,exactopt_vs_selected,0.027234807100477,0.017853575554109,0.0605,-0.00135598211409706,0.0572206156418883
0.023,0.183490373053903,0.304137124021052,0.5,file2_vs_file1,-0.0229205098777132,0.00620933906306265,1,-0.0333297518882186,-0.0128049424758383
0.023,0.183490373053903,0.304137124021052,0.5,exactopt_vs_selected,0.0287598203602137,0.0169172040313083,0.041,0.00167803229271521,0.0571544891871601
0.023,0.183490373053903,0.304137124021052,0.7,file2_vs_file1,-0.0229111910862831,0.00675014013937141,0.99975,-0.0341982578937224,-0.0119104853543769
0.023,0.183490373053903,0.304137124021052,0.7,exactopt_vs_selected,0.0287313354614377,0.0183771438599607,0.05675,-0.000718851943793039,0.0596299147522217
0.0235,0.179684049920391,0.3058615356064,0.5,file2_vs_file1,-0.0234200871604329,0.00620841713997467,1,-0.0338297518882186,-0.0133049424758383
0.0235,0.179684049920391,0.3058615356064,0.5,exactopt_vs_selected,0.0303021657283992,0.0174058089510383,0.036,0.00247174075013124,0.0595003350219358
0.0235,0.179684049920391,0.3058615356064,0.7,file2_vs_file1,-0.0234101685818652,0.00674801271595186,1,-0.0346982578937224,-0.0124104853543769
0.0235,0.179684049920391,0.3058615356064,0.7,exactopt_vs_selected,0.0302709987172616,0.0189040229495508,0.05025,-2.09801036405724e-05,0.0620537205329441
0.024,0.17587772678688,0.307585947191748,0.5,file2_vs_file1,-0.0239194799744051,0.00620709995155804,1,-0.0343297518882186,-0.0138049424758383
0.024,0.17587772678688,0.307585947191748,0.5,exactopt_vs_selected,0.0318881956501786,0.0178976101217447,0.034,0.00327529958184849,0.0619272794564755
0.024,0.17587772678688,0.307585947191748,0.7,file2_vs_file1,-0.0239085869236154,0.00674489698970125,1,-0.0351982578937223,-0.0129104853543769
0.024,0.17587772678688,0.307585947191748,0.7,exactopt_vs_selected,0.0318530764070852,0.0194321631435555,0.04725,0.000745178435016774,0.0645209862093771
0.0245,0.172071403653369,0.309310358777095,0.5,file2_vs_file1,-0.0244187599067825,0.00620554836797287,1,-0.0348297518882186,-0.0143049424758383
0.0245,0.172071403653369,0.309310358777095,0.5,exactopt_vs_selected,0.0335185229540695,0.0183932312490335,0.03225,0.00410180293699838,0.0643922162891302
0.0245,0.172071403653369,0.309310358777095,0.7,file2_vs_file1,-0.0244066397195134,0.00674099448860191,1,-0.0356748234720082,-0.0134104853543769
0.0245,0.172071403653369,0.309310358777095,0.7,exactopt_vs_selected,0.0334784643988186,0.0199623394768619,0.04425,0.00151415765157317,0.067074087056824
0.025,0.168265080519857,0.311034770362443,0.5,file2_vs_file1,-0.0249179330039667,0.00620378020997691,1,-0.0353163956638825,-0.0148049424758383
0.025,0.168265080519857,0.311034770362443,0.5,exactopt_vs_selected,0.0351935915243859,0.0188928574895679,0.028,0.00491679312201065,0.0669411339571245
0.025,0.168265080519857,0.311034770362443,0.7,file2_vs_file1,-0.0249044451878686,0.00673665854143541,1,-0.0361748234720083,-0.0139104853543769
0.025,0.168265080519857,0.311034770362443,0.7,exactopt_vs_selected,0.0351478993008057,0.0204956849277658,0.0395,0.0023080746897986,0.0696606714371187
0.0255,0.164458757386346,0.312759181947791,0.5,file2_vs_file1,-0.0254167773238971,0.00620140807012167,1,-0.0358163956638825,-0.0153049424758383
0.0255,0.164458757386346,0.312759181947791,0.5,exactopt_vs_selected,0.0369131043669486,0.0193951437352632,0.027,0.00581674262977718,0.0695465600129835
0.0255,0.164458757386346,0.312759181947791,0.7,file2_vs_file1,-0.0254019498438324,0.00673186624923797,1,-0.0366481766704635,-0.0144104853543769
0.0255,0.164458757386346,0.312759181947791,0.7,exactopt_vs_selected,0.0368616045446927,0.021032124950901,0.0355,0.00308367097811355,0.0723405381237226
0.026,0.160652434252835,0.314483593533138,0.5,file2_vs_file1,-0.0259150519262892,0.00619798149070692,1,-0.0362940054551401,-0.0158049424758383
0.026,0.160652434252835,0.314483593533138,0.5,exactopt_vs_selected,0.0386766376415048,0.0198983888677492,0.02525,0.00672532082366073,0.0722090615483774
0.026,0.160652434252835,0.314483593533138,0.7,file2_vs_file1,-0.0258990500705233,0.00672639831682158,1,-0.0371481766704635,-0.0149104853543769
0.026,0.160652434252835,0.314483593533138,0.7,exactopt_vs_selected,0.0386196310864741,0.021570947851137,0.034,0.00394303247709245,0.0748796813323222
0.0265,0.156846111119323,0.316208005118486,0.5,file2_vs_file1,-0.0264129972385581,0.00619387155919385,1,-0.0367598884738722,-0.0163049424758383
0.0265,0.156846111119323,0.316208005118486,0.5,exactopt_vs_selected,0.0404853984821655,0.020404060735801,0.0235,0.00764044831065702,0.0749189283538413
0.0265,0.156846111119323,0.316208005118486,0.7,file2_vs_file1,-0.0263956341312266,0.00672012551940741,1,-0.0376481766704635,-0.0154104853543769
0.0265,0.156846111119323,0.316208005118486,0.7,exactopt_vs_selected,0.0404219827569005,0.0221116042899707,0.03225,0.00481614080716344,0.0776162561787582
0.027,0.153039787985812,0.317932416703834,0.5,file2_vs_file1,-0.0269106469406563,0.00618928629184854,1,-0.037243828512914,-0.0168049424758383
0.027,0.153039787985812,0.317932416703834,0.5,exactopt_vs_selected,0.0423399555663665,0.0209128660864216,0.022,0.00864003269220468,0.0776431352548688
0.027,0.153039787985812,0.317932416703834,0.7,file2_vs_file1,-0.0268914468686213,0.00671241349432324,1,-0.0381281003200322,-0.0159104853543769
0.027,0.153039787985812,0.317932416703834,0.7,exactopt_vs_selected,0.042268121253589,0.0226517726910479,0.0285,0.00568981433731949,0.0802837050363544
0.0275,0.149233464852301,0.319656828289181,0.5,file2_vs_file1,-0.0274079827495438,0.00618422462981862,1,-0.0377328926177037,-0.0173049424758383
0.0275,0.149233464852301,0.319656828289181,0.5,exactopt_vs_selected,0.0442407201583859,0.0214248575682309,0.01975,0.00964905383306175,0.0803831676530586
0.0275,0.149233464852301,0.319656828289181,0.7,file2_vs_file1,-0.0273865133278105,0.00670333364471835,1,-0.0385916373161753,-0.0164104853543769
0.0275,0.149233464852301,0.319656828289181,0.7,exactopt_vs_selected,0.0441584750201292,0.0231915664405683,0.027,0.00664194542677093,0.0828774363861784
0.028,0.145427141718789,0.321381239874529,0.5,file2_vs_file1,-0.0279047479014923,0.00617820311707792,1,-0.0382328926177037,-0.0178049424758383
0.028,0.145427141718789,0.321381239874529,0.5,exactopt_vs_selected,0.0461872092259583,0.0219381164632281,0.01725,0.0107613482810245,0.0830241678027045
0.028,0.145427141718789,0.321381239874529,0.7,file2_vs_file1,-0.0278808844170092,0.00669306382745279,1,-0.039085364721766,-0.0169104853543769
0.028,0.145427141718789,0.321381239874529,0.7,exactopt_vs_selected,0.046093601925596,0.0237314986327224,0.026,0.0076073406839988,0.085722843225717
0.0285,0.141620818585278,0.323105651459877,0.5,file2_vs_file1,-0.028400726391486,0.00617080794246176,1,-0.0386958493736377,-0.0183049424758383
0.0285,0.141620818585278,0.323105651459877,0.5,exactopt_vs_selected,0.0481790237476844,0.022450868692227,0.01575,0.011884915509779,0.0859326983647825
0.0285,0.141620818585278,0.323105651459877,0.7,file2_vs_file1,-0.0283744884439004,0.00668146472837518,1,-0.0395815764513635,-0.0174104853543769
0.0285,0.141620818585278,0.323105651459877,0.7,exactopt_vs_selected,0.0480736212501148,0.0242709268254901,0.02425,0.00870089261474103,0.0886477785324317
0.029,0.137814495451767,0.324830063045224,0.5,file2_vs_file1,-0.0288959376720778,0.0061619673737219,1,-0.0391847189598386,-0.0188049424758383
0.029,0.137814495451767,0.324830063045224,0.5,exactopt_vs_selected,0.0502166508369001,0.0229628175226164,0.01375,0.0130193720377884,0.0886750130304078
0.029,0.137814495451767,0.324830063045224,0.7,file2_vs_file1,-0.0288673474311729,0.0066688437432875,1,-0.040037047223154,-0.0179104853543769
0.029,0.137814495451767,0.324830063045224,0.7,exactopt_vs_selected,0.0500990245502899,0.0248107581336902,0.02275,0.0097672961051034,0.0915420514062156
0.0295,0.134008172318255,0.326554474630572,0.5,file2_vs_file1,-0.0293903501685422,0.00615174953486592,1,-0.0396745161676179,-0.0193049424758383
0.0295,0.134008172318255,0.326554474630572,0.5,exactopt_vs_selected,0.0523004004501055,0.0234739777882586,0.01225,0.0142020245479096,0.091526772683704
0.0295,0.134008172318255,0.326554474630572,0.7,file2_vs_file1,-0.0293592559275082,0.00665497747260333,1,-0.0404663234173771,-0.0184104853543769
0.0295,0.134008172318255,0.326554474630572,0.7,exactopt_vs_selected,0.0521693985766117,0.0253498057661021,0.021,0.0108570487489405,0.0943891200839318
0.03,0.130201849184744,0.32827888621592,0.5,file2_vs_file1,-0.0298839523163097,0.00614013253977125,1,-0.0401737660359244,-0.0198049424758383
0.03,0.130201849184744,0.32827888621592,0.5,exactopt_vs_selected,0.0544306814346308,0.0239841552846297,0.011,0.0154961487598129,0.0946222625249201
0.03,0.130201849184744,0.32827888621592,0.7,file2_vs_file1,-0.0298503323274103,0.00664013485852433,1,-0.0408738943584697,-0.0189104853543769
0.03,0.130201849184744,0.32827888621592,0.7,exactopt_vs_selected,0.0542856416901934,0.0258891289751253,0.01925,0.012011082005515,0.0974999658965339
